work_id,pay_date,amount,progress_at_payment,voucher
MP20260001,2026-05-30,1094131.71,2.8,VCH/MP20260001/1
MP20260001,2026-07-16,1480740.98,6.7,VCH/MP20260001/2
MP20250002,2025-02-14,284525.05,44.1,VCH/MP20250002/1
MP20250002,2025-06-02,360561.18,100.0,VCH/MP20250002/2
MP20260003,2026-06-28,97199.72,14.7,VCH/MP20260003/1
MP20260003,2026-08-31,124291.97,33.6,VCH/MP20260003/2
MP20240004,2024-06-03,408754.29,58.8,VCH/MP20240004/1
MP20240004,2024-09-18,286932.41,100.0,VCH/MP20240004/2
MP20250005,2025-10-05,2151390.57,30.8,VCH/MP20250005/1
MP20250005,2026-01-06,1929555.48,58.5,VCH/MP20250005/2
MP20250005,2026-04-09,1726039.39,83.2,VCH/MP20250005/3
MP20250005,2026-07-11,1169347.3,100.0,VCH/MP20250005/4
MP20250006,2025-12-01,733335.64,46.1,VCH/MP20250006/1
MP20250006,2026-01-17,857356.53,100.0,VCH/MP20250006/2
MP20250007,2025-08-03,613155.88,30.8,VCH/MP20250007/1
MP20250007,2025-09-19,338546.67,47.7,VCH/MP20250007/2
MP20250007,2025-11-05,451524.42,70.4,VCH/MP20250007/3
MP20250007,2025-12-22,590280.01,100.0,VCH/MP20250007/4
MP20250008,2025-07-24,359530.58,36.3,VCH/MP20250008/1
MP20250008,2025-10-20,631737.76,100.0,VCH/MP20250008/2
MP20240009,2024-10-03,1461119.53,56.4,VCH/MP20240009/1
MP20240009,2025-01-11,1128296.98,100.0,VCH/MP20240009/2
MP20240010,2024-10-12,1523251.53,40.0,VCH/MP20240010/1
MP20240010,2025-01-02,1081328.09,68.4,VCH/MP20240010/2
MP20240010,2025-03-25,1202263.17,100.0,VCH/MP20240010/3
MP20250011,2025-12-24,522680.69,42.2,VCH/MP20250011/1
MP20250011,2026-04-01,325294.25,68.5,VCH/MP20250011/2
MP20250011,2026-07-08,390414.87,100.0,VCH/MP20250011/3
MP20240012,2025-01-01,665902.48,33.7,VCH/MP20240012/1
MP20240012,2025-04-13,817235.19,75.0,VCH/MP20240012/2
MP20240012,2025-07-24,494755.7,100.0,VCH/MP20240012/3
MP20250013,2025-05-15,375523.42,52.9,VCH/MP20250013/1
MP20250013,2025-07-19,334754.86,100.0,VCH/MP20250013/2
MP20260014,2026-01-31,4123994.51,73.5,VCH/MP20260014/1
MP20260014,2026-05-15,1485357.87,100.0,VCH/MP20260014/2
MP20240015,2024-05-16,337603.16,42.9,VCH/MP20240015/1
MP20240015,2024-07-26,448963.71,100.0,VCH/MP20240015/2
MP20240016,2024-07-18,947042.96,59.8,VCH/MP20240016/1
MP20240016,2024-09-21,635633.69,100.0,VCH/MP20240016/2
MP20260017,2026-07-05,128507.14,13.9,VCH/MP20260017/1
MP20260017,2026-08-31,80035.91,22.6,VCH/MP20260017/2
MP20260017,2026-08-31,124272.29,36.0,VCH/MP20260017/3
MP20260017,2026-08-31,96181.26,46.4,VCH/MP20260017/4
MP20250018,2025-08-07,1066133.98,61.4,VCH/MP20250018/1
MP20250018,2025-11-12,668992.07,100.0,VCH/MP20250018/2
MP20250019,2025-01-26,575228.06,36.8,VCH/MP20250019/1
MP20250019,2025-04-03,336444.12,58.3,VCH/MP20250019/2
MP20250019,2025-06-09,652864.72,100.0,VCH/MP20250019/3
MP20260020,2026-05-05,2799362.37,31.3,VCH/MP20260020/1
MP20260020,2026-08-12,4725020.76,84.2,VCH/MP20260020/2
MP20240021,2024-05-01,476276.0,12.4,VCH/MP20240021/1
MP20240021,2024-11-17,362500.33,21.9,VCH/MP20240021/2
MP20240022,2024-11-22,1938529.11,36.1,VCH/MP20240022/1
MP20240022,2025-01-07,2305925.44,79.1,VCH/MP20240022/2
MP20240022,2025-02-22,1120102.8,100.0,VCH/MP20240022/3
MP20240023,2025-02-12,5694740.24,33.2,VCH/MP20240023/1
MP20240023,2025-05-03,6783550.32,72.7,VCH/MP20240023/2
MP20240023,2025-07-22,4688858.73,100.0,VCH/MP20240023/3
MP20250024,2025-06-08,2002083.48,59.7,VCH/MP20250024/1
MP20250024,2025-08-11,1349914.22,100.0,VCH/MP20250024/2
MP20260025,2026-06-22,270787.52,14.4,VCH/MP20260025/1
MP20260025,2026-07-30,295560.36,30.1,VCH/MP20260025/2
MP20250026,2025-09-08,1185820.89,43.6,VCH/MP20250026/1
MP20250026,2025-12-02,735661.26,70.7,VCH/MP20250026/2
MP20250026,2026-02-25,797527.99,100.0,VCH/MP20250026/3
MP20250027,2025-09-04,1062056.8,42.9,VCH/MP20250027/1
MP20250027,2025-12-19,1412256.66,100.0,VCH/MP20250027/2
MP20250028,2025-07-09,264311.54,25.6,VCH/MP20250028/1
MP20250028,2025-09-07,463899.46,70.7,VCH/MP20250028/2
MP20250028,2025-11-06,302444.61,100.0,VCH/MP20250028/3
MP20250029,2025-09-17,1080489.11,55.1,VCH/MP20250029/1
MP20250029,2025-11-02,879822.66,100.0,VCH/MP20250029/2
MP20250030,2025-02-09,376268.54,6.8,VCH/MP20250030/1
MP20250030,2025-08-28,216443.89,10.8,VCH/MP20250030/2
MP20250030,2026-03-16,349689.44,17.1,VCH/MP20250030/3
MP20250030,2026-08-31,372686.02,23.9,VCH/MP20250030/4
MP20240031,2024-06-18,464562.79,4.3,VCH/MP20240031/1
MP20240031,2024-09-06,212398.51,6.2,VCH/MP20240031/2
MP20240031,2024-11-25,370588.98,9.7,VCH/MP20240031/3
MP20240031,2025-02-13,415475.1,13.5,VCH/MP20240031/4
MP20240032,2025-01-18,961985.55,22.6,VCH/MP20240032/1
MP20240032,2025-04-15,1575938.42,59.8,VCH/MP20240032/2
MP20240032,2025-07-11,834669.33,79.4,VCH/MP20240032/3
MP20240032,2025-10-06,874609.07,100.0,VCH/MP20240032/4
MP20240033,2024-09-11,955785.97,30.6,VCH/MP20240033/1
MP20240033,2024-12-27,634545.79,50.9,VCH/MP20240033/2
MP20240033,2025-04-13,852193.06,78.1,VCH/MP20240033/3
MP20240033,2025-07-29,684440.02,100.0,VCH/MP20240033/4
MP20250034,2025-02-06,178997.79,21.0,VCH/MP20250034/1
MP20250034,2025-04-10,168647.13,40.9,VCH/MP20250034/2
MP20250034,2025-06-12,183804.93,62.5,VCH/MP20250034/3
MP20250034,2025-08-14,319487.1,100.0,VCH/MP20250034/4
MP20260035,2026-05-02,2701653.67,57.4,VCH/MP20260035/1
MP20260035,2026-07-03,2008915.05,100.0,VCH/MP20260035/2
MP20250036,2025-02-25,277359.96,3.7,VCH/MP20250036/1
MP20250036,2025-05-09,250150.24,7.0,VCH/MP20250036/2
MP20250036,2025-07-21,294793.48,11.0,VCH/MP20250036/3
MP20250036,2025-10-02,257789.64,14.4,VCH/MP20250036/4
MP20260037,2026-03-17,461749.17,20.7,VCH/MP20260037/1
MP20260037,2026-05-24,453105.24,41.0,VCH/MP20260037/2
MP20260037,2026-07-31,358256.64,57.0,VCH/MP20260037/3
MP20240038,2024-10-01,3669109.8,57.4,VCH/MP20240038/1
MP20240038,2024-11-20,2722784.63,100.0,VCH/MP20240038/2
MP20240039,2024-05-17,118918.78,2.9,VCH/MP20240039/1
MP20240039,2024-07-20,119090.29,5.7,VCH/MP20240039/2
MP20240039,2024-09-22,111371.4,8.4,VCH/MP20240039/3
MP20240039,2024-11-25,160906.6,12.3,VCH/MP20240039/4
MP20250040,2025-05-19,2130559.17,51.0,VCH/MP20250040/1
MP20250040,2025-08-20,2047354.03,100.0,VCH/MP20250040/2
MP20250041,2025-12-27,404802.07,23.0,VCH/MP20250041/1
MP20250041,2026-03-29,299135.31,40.0,VCH/MP20250041/2
MP20250041,2026-06-29,408114.99,63.2,VCH/MP20250041/3
MP20260042,2026-02-07,512054.14,17.1,VCH/MP20260042/1
MP20260042,2026-03-20,617046.56,37.8,VCH/MP20260042/2
MP20260042,2026-04-30,762946.57,63.3,VCH/MP20260042/3
MP20260042,2026-06-10,1097809.12,100.0,VCH/MP20260042/4
MP20250043,2025-09-21,958964.3,31.4,VCH/MP20250043/1
MP20250043,2026-01-08,1229361.28,71.6,VCH/MP20250043/2
MP20250043,2026-04-27,867085.01,100.0,VCH/MP20250043/3
MP20250044,2025-11-10,792290.52,27.6,VCH/MP20250044/1
MP20250044,2026-02-02,610237.82,48.9,VCH/MP20250044/2
MP20250044,2026-04-27,775158.89,75.9,VCH/MP20250044/3
MP20250044,2026-07-20,490263.47,93.0,VCH/MP20250044/4
MP20240045,2024-04-22,122423.92,10.0,VCH/MP20240045/1
MP20240045,2024-11-08,193915.87,25.8,VCH/MP20240045/2
MP20240045,2025-05-27,141089.93,37.3,VCH/MP20240045/3
MP20240045,2025-12-13,190978.36,52.9,VCH/MP20240045/4
MP20250046,2025-08-01,958105.5,45.8,VCH/MP20250046/1
MP20250046,2025-11-07,1134969.77,100.0,VCH/MP20250046/2
MP20260047,2026-06-19,172744.14,7.3,VCH/MP20260047/1
MP20260047,2026-08-27,140089.2,13.2,VCH/MP20260047/2
MP20260047,2026-08-31,147669.16,19.4,VCH/MP20260047/3
MP20260047,2026-08-31,150026.53,25.7,VCH/MP20260047/4
MP20250048,2026-01-09,1222412.37,20.6,VCH/MP20250048/1
MP20250048,2026-03-19,1273890.52,42.1,VCH/MP20250048/2
MP20250048,2026-05-27,1503233.73,67.5,VCH/MP20250048/3
MP20250048,2026-08-04,822356.19,81.4,VCH/MP20250048/4
MP20260049,2026-03-02,3025064.55,50.8,VCH/MP20260049/1
MP20260049,2026-04-20,2271949.56,88.9,VCH/MP20260049/2
MP20250050,2025-04-03,2890586.94,57.4,VCH/MP20250050/1
MP20250050,2025-06-16,2143706.87,100.0,VCH/MP20250050/2
MP20240051,2024-07-22,709773.14,24.6,VCH/MP20240051/1
MP20240051,2024-09-23,738935.94,50.3,VCH/MP20240051/2
MP20240051,2024-11-25,1433262.14,100.0,VCH/MP20240051/3
MP20250052,2025-03-07,407560.68,66.3,VCH/MP20250052/1
MP20250052,2025-06-04,207531.78,100.0,VCH/MP20250052/2
MP20240053,2024-07-04,343694.05,34.0,VCH/MP20240053/1
MP20240053,2024-09-15,341950.16,67.7,VCH/MP20240053/2
MP20240053,2024-11-27,326517.27,100.0,VCH/MP20240053/3
MP20260054,2026-03-26,787872.29,28.2,VCH/MP20260054/1
MP20260054,2026-06-12,1450072.54,80.0,VCH/MP20260054/2
MP20260055,2026-08-18,63897.56,4.8,VCH/MP20260055/1
MP20260055,2026-08-31,57154.03,9.2,VCH/MP20260055/2
MP20260055,2026-08-31,35520.06,11.9,VCH/MP20260055/3
MP20260055,2026-08-31,56938.37,16.2,VCH/MP20260055/4
MP20250056,2025-12-20,547108.78,69.5,VCH/MP20250056/1
MP20250056,2026-03-04,240028.18,100.0,VCH/MP20250056/2
MP20260057,2026-07-10,502105.73,11.3,VCH/MP20260057/1
MP20260057,2026-08-31,363949.18,19.5,VCH/MP20260057/2
MP20260057,2026-08-31,376959.64,28.1,VCH/MP20260057/3
MP20260057,2026-08-31,423013.93,37.6,VCH/MP20260057/4
MP20250058,2025-12-25,612561.88,45.7,VCH/MP20250058/1
MP20250058,2026-03-03,728648.39,100.0,VCH/MP20250058/2
MP20250059,2025-02-13,2182164.63,6.0,VCH/MP20250059/1
MP20250059,2025-03-21,2162854.74,11.9,VCH/MP20250059/2
MP20250060,2025-02-11,433360.27,71.5,VCH/MP20250060/1
MP20250060,2025-04-01,172618.07,100.0,VCH/MP20250060/2
MP20260061,2026-03-12,64864.99,10.5,VCH/MP20260061/1
MP20260061,2026-05-12,72796.46,22.4,VCH/MP20260061/2
MP20260061,2026-07-12,83355.94,35.9,VCH/MP20260061/3
MP20260061,2026-08-31,74212.9,48.0,VCH/MP20260061/4
MP20250062,2025-08-05,771787.15,16.7,VCH/MP20250062/1
MP20250062,2025-10-10,1229285.03,43.3,VCH/MP20250062/2
MP20250062,2025-12-15,1079077.82,66.6,VCH/MP20250062/3
MP20250062,2026-02-19,1544286.41,100.0,VCH/MP20250062/4
MP20260063,2026-02-28,110088.02,13.1,VCH/MP20260063/1
MP20260063,2026-04-24,168845.39,33.2,VCH/MP20260063/2
MP20260063,2026-06-18,162623.95,52.5,VCH/MP20260063/3
MP20240064,2024-11-30,72796.1,10.3,VCH/MP20240064/1
MP20240064,2025-06-18,84779.79,22.4,VCH/MP20240064/2
MP20240065,2024-11-16,206428.77,54.6,VCH/MP20240065/1
MP20240065,2025-02-21,171893.19,100.0,VCH/MP20240065/2
MP20260066,2026-07-14,1360733.2,41.1,VCH/MP20260066/1
MP20260066,2026-08-22,169696.57,46.2,VCH/MP20260066/2
MP20240067,2024-11-19,99079.93,17.2,VCH/MP20240067/1
MP20240067,2025-01-20,87153.86,32.4,VCH/MP20240067/2
MP20240067,2025-03-23,195687.55,66.4,VCH/MP20240067/3
MP20240067,2025-05-24,193291.17,100.0,VCH/MP20240067/4
MP20260068,2026-03-03,218120.98,3.8,VCH/MP20260068/1
MP20260068,2026-05-12,406353.24,10.8,VCH/MP20260068/2
MP20260068,2026-07-21,398031.7,17.7,VCH/MP20260068/3
MP20250069,2025-11-28,1368987.19,89.2,VCH/MP20250069/1
MP20250069,2026-02-09,165518.07,100.0,VCH/MP20250069/2
MP20250070,2026-01-18,1001300.73,39.4,VCH/MP20250070/1
MP20250070,2026-04-17,1226952.7,87.7,VCH/MP20250070/2
MP20250071,2025-04-04,2558754.78,31.4,VCH/MP20250071/1
MP20250071,2025-05-09,2085889.77,56.9,VCH/MP20250071/2
MP20250071,2025-06-13,1499503.14,75.3,VCH/MP20250071/3
MP20250071,2025-07-18,2015949.57,100.0,VCH/MP20250071/4
MP20250072,2025-01-29,13450017.61,62.1,VCH/MP20250072/1
MP20250072,2025-03-16,8210349.23,100.0,VCH/MP20250072/2
MP20240073,2024-10-20,1010299.89,41.8,VCH/MP20240073/1
MP20240073,2025-01-19,1409269.53,100.0,VCH/MP20240073/2
MP20250074,2025-02-09,745701.3,20.4,VCH/MP20250074/1
MP20250074,2025-04-23,913071.59,45.5,VCH/MP20250074/2
MP20250074,2025-07-05,1100712.78,75.7,VCH/MP20250074/3
MP20250074,2025-09-16,887546.2,100.0,VCH/MP20250074/4
MP20250075,2025-10-16,1163498.78,52.0,VCH/MP20250075/1
MP20250075,2025-12-14,1075201.03,100.0,VCH/MP20250075/2
MP20250076,2026-01-10,1558225.33,42.2,VCH/MP20250076/1
MP20250076,2026-03-26,940772.3,67.7,VCH/MP20250076/2
MP20250076,2026-06-09,1190934.28,100.0,VCH/MP20250076/3
MP20250077,2025-10-12,602459.58,23.9,VCH/MP20250077/1
MP20250077,2026-01-04,739895.29,53.3,VCH/MP20250077/2
MP20250077,2026-03-29,402293.79,69.3,VCH/MP20250077/3
MP20250077,2026-06-21,701083.69,97.1,VCH/MP20250077/4
MP20250078,2025-11-14,435063.05,17.0,VCH/MP20250078/1
MP20250078,2026-02-24,672670.17,43.2,VCH/MP20250078/2
MP20250078,2026-06-06,724910.99,71.5,VCH/MP20250078/3
MP20250078,2026-08-31,730225.44,100.0,VCH/MP20250078/4
MP20250079,2025-07-01,1152568.71,20.9,VCH/MP20250079/1
MP20250079,2025-09-28,1068056.69,40.2,VCH/MP20250079/2
MP20250079,2025-12-26,2043417.04,77.2,VCH/MP20250079/3
MP20250079,2026-03-25,1261609.25,100.0,VCH/MP20250079/4
MP20260080,2026-01-17,342432.98,18.4,VCH/MP20260080/1
MP20260080,2026-04-23,638197.77,52.7,VCH/MP20260080/2
MP20260080,2026-07-28,404634.09,74.5,VCH/MP20260080/3
MP20250081,2025-12-13,177177.22,32.1,VCH/MP20250081/1
MP20250081,2026-01-31,106835.02,51.5,VCH/MP20250081/2
MP20250081,2026-03-21,115668.68,72.5,VCH/MP20250081/3
MP20250081,2026-05-09,151729.93,100.0,VCH/MP20250081/4
MP20260082,2026-07-16,239711.14,12.6,VCH/MP20260082/1
MP20260082,2026-08-31,189104.05,22.6,VCH/MP20260082/2
MP20240083,2024-05-18,87627.61,30.7,VCH/MP20240083/1
MP20240083,2024-07-17,57824.47,51.0,VCH/MP20240083/2
MP20240083,2024-09-15,50853.39,68.9,VCH/MP20240083/3
MP20240083,2024-11-14,88746.45,100.0,VCH/MP20240083/4
MP20250084,2025-09-08,489827.34,61.3,VCH/MP20250084/1
MP20250084,2025-12-09,308709.25,100.0,VCH/MP20250084/2
MP20240085,2024-04-27,424598.16,35.5,VCH/MP20240085/1
MP20240085,2024-06-02,772733.73,100.0,VCH/MP20240085/2
MP20240086,2024-07-11,2480750.01,70.8,VCH/MP20240086/1
MP20240086,2024-10-20,1023258.68,100.0,VCH/MP20240086/2
MP20260087,2026-01-29,910790.52,56.0,VCH/MP20260087/1
MP20260087,2026-04-04,715719.66,100.0,VCH/MP20260087/2
MP20260088,2026-03-22,249559.05,42.9,VCH/MP20260088/1
MP20260088,2026-06-16,332153.19,100.0,VCH/MP20260088/2
MP20260089,2026-02-24,936839.58,37.7,VCH/MP20260089/1
MP20260089,2026-04-07,337769.31,51.3,VCH/MP20260089/2
MP20240090,2025-01-21,365359.33,40.4,VCH/MP20240090/1
MP20240090,2025-05-04,334024.59,77.3,VCH/MP20240090/2
MP20240090,2025-08-15,205062.99,100.0,VCH/MP20240090/3
MP20240091,2024-10-21,1358644.26,38.0,VCH/MP20240091/1
MP20240091,2025-02-08,1113512.04,69.2,VCH/MP20240091/2
MP20240091,2025-05-29,1101545.22,100.0,VCH/MP20240091/3
MP20240092,2024-06-03,1180593.74,38.6,VCH/MP20240092/1
MP20240092,2024-07-24,700334.5,61.5,VCH/MP20240092/2
MP20240092,2024-09-13,1178322.04,100.0,VCH/MP20240092/3
MP20250093,2025-11-27,213466.81,12.1,VCH/MP20250093/1
MP20250093,2026-01-03,279234.11,27.9,VCH/MP20250093/2
MP20250093,2026-02-09,240910.06,41.5,VCH/MP20250093/3
MP20250093,2026-03-18,316731.17,59.4,VCH/MP20250093/4
MP20250094,2025-10-28,670783.26,26.1,VCH/MP20250094/1
MP20250094,2026-01-06,954929.75,63.1,VCH/MP20250094/2
MP20250094,2026-03-17,948797.65,100.0,VCH/MP20250094/3
MP20250095,2025-08-13,1024574.04,52.2,VCH/MP20250095/1
MP20250095,2025-09-24,939574.61,100.0,VCH/MP20250095/2
MP20250096,2025-10-31,141289.92,1.5,VCH/MP20250096/1
MP20250096,2025-12-11,280911.74,4.4,VCH/MP20250096/2
MP20250096,2026-01-21,257131.62,7.0,VCH/MP20250096/3
MP20250096,2026-03-03,240329.44,9.5,VCH/MP20250096/4
MP20260097,2026-07-17,131843.22,3.7,VCH/MP20260097/1
MP20260097,2026-08-23,220867.68,9.8,VCH/MP20260097/2
MP20260097,2026-08-31,101804.33,12.6,VCH/MP20260097/3
MP20260097,2026-08-31,174467.37,17.5,VCH/MP20260097/4
MP20240098,2024-07-12,436065.55,18.6,VCH/MP20240098/1
MP20240098,2025-01-28,404988.33,35.8,VCH/MP20240098/2
MP20240098,2025-08-16,236372.39,45.9,VCH/MP20240098/3
MP20240099,2024-05-24,254886.26,8.6,VCH/MP20240099/1
MP20240099,2024-12-10,268030.41,17.6,VCH/MP20240099/2
MP20240099,2025-06-28,169531.29,23.3,VCH/MP20240099/3
MP20240099,2026-01-14,178944.47,29.3,VCH/MP20240099/4
MP20250100,2025-11-06,286331.62,20.8,VCH/MP20250100/1
MP20250100,2025-12-30,478895.4,55.7,VCH/MP20250100/2
MP20250100,2026-02-22,292535.37,77.0,VCH/MP20250100/3
MP20250100,2026-04-17,315670.1,100.0,VCH/MP20250100/4
MP20250101,2025-04-03,566434.21,33.3,VCH/MP20250101/1
MP20250101,2025-06-28,415314.32,57.7,VCH/MP20250101/2
MP20250101,2025-09-22,444173.98,83.8,VCH/MP20250101/3
MP20250101,2025-12-17,275911.1,100.0,VCH/MP20250101/4
MP20250102,2025-06-02,1356529.41,39.9,VCH/MP20250102/1
MP20250102,2025-07-25,1026334.81,70.1,VCH/MP20250102/2
MP20250102,2025-09-16,1016208.25,100.0,VCH/MP20250102/3
MP20250103,2025-06-06,263655.43,24.1,VCH/MP20250103/1
MP20250103,2025-07-19,214424.14,43.7,VCH/MP20250103/2
MP20250103,2025-08-31,357140.13,76.4,VCH/MP20250103/3
MP20250103,2025-10-13,258650.86,100.0,VCH/MP20250103/4
MP20260104,2026-07-21,284897.37,4.8,VCH/MP20260104/1
MP20260104,2026-08-31,356709.68,10.8,VCH/MP20260104/2
MP20260104,2026-08-31,211188.59,14.3,VCH/MP20260104/3
MP20260104,2026-08-31,295049.99,19.3,VCH/MP20260104/4
MP20240105,2024-09-11,1260331.81,34.4,VCH/MP20240105/1
MP20240105,2024-10-23,1239699.86,68.2,VCH/MP20240105/2
MP20240105,2024-12-04,1166459.55,100.0,VCH/MP20240105/3
MP20260106,2026-07-16,181975.34,5.7,VCH/MP20260106/1
MP20260106,2026-08-31,355291.98,16.9,VCH/MP20260106/2
MP20260106,2026-08-31,281622.4,25.7,VCH/MP20260106/3
MP20250107,2025-12-17,1839557.7,30.2,VCH/MP20250107/1
MP20250107,2026-02-12,1402539.59,53.2,VCH/MP20250107/2
MP20250107,2026-04-10,1694247.11,81.0,VCH/MP20250107/3
MP20250107,2026-06-06,1156685.41,100.0,VCH/MP20250107/4
MP20260108,2026-06-29,742513.84,17.5,VCH/MP20260108/1
MP20260108,2026-08-05,869603.33,37.9,VCH/MP20260108/2
MP20260108,2026-08-31,843880.95,57.8,VCH/MP20260108/3
MP20240109,2024-11-13,1294244.23,60.3,VCH/MP20240109/1
MP20240109,2025-01-30,853779.84,100.0,VCH/MP20240109/2
MP20250110,2026-01-02,555154.0,42.6,VCH/MP20250110/1
MP20250110,2026-04-12,748492.32,100.0,VCH/MP20250110/2
MP20260111,2026-02-15,3068106.86,20.9,VCH/MP20260111/1
MP20260111,2026-04-08,2148909.91,35.5,VCH/MP20260111/2
MP20260111,2026-05-30,2993249.85,55.8,VCH/MP20260111/3
MP20260112,2026-04-19,528036.57,11.4,VCH/MP20260112/1
MP20260112,2026-07-19,454389.56,21.3,VCH/MP20260112/2
MP20260112,2026-08-31,519385.42,32.5,VCH/MP20260112/3
MP20260112,2026-08-31,809962.81,50.1,VCH/MP20260112/4
MP20240113,2024-11-09,506997.88,20.9,VCH/MP20240113/1
MP20240113,2025-01-27,531425.39,42.8,VCH/MP20240113/2
MP20240113,2025-04-16,842191.19,77.4,VCH/MP20240113/3
MP20240113,2025-07-04,548023.51,100.0,VCH/MP20240113/4
MP20250114,2025-05-29,775222.41,51.1,VCH/MP20250114/1
MP20250114,2025-09-12,740758.8,100.0,VCH/MP20250114/2
MP20260115,2026-04-10,1222122.48,35.5,VCH/MP20260115/1
MP20260115,2026-06-04,963326.25,63.5,VCH/MP20260115/2
MP20260115,2026-07-29,1257933.6,100.0,VCH/MP20260115/3
MP20250116,2025-04-09,308594.57,48.6,VCH/MP20250116/1
MP20250116,2025-07-01,325765.49,100.0,VCH/MP20250116/2
MP20240117,2025-01-08,876933.19,50.9,VCH/MP20240117/1
MP20240117,2025-04-25,845347.12,100.0,VCH/MP20240117/2
MP20250118,2025-12-06,511965.75,29.3,VCH/MP20250118/1
MP20250118,2026-03-07,375795.29,50.8,VCH/MP20250118/2
MP20250118,2026-06-06,382153.32,72.6,VCH/MP20250118/3
MP20240119,2024-08-30,1305979.71,37.6,VCH/MP20240119/1
MP20240119,2024-10-26,905825.7,63.8,VCH/MP20240119/2
MP20240119,2024-12-22,1257602.45,100.0,VCH/MP20240119/3
MP20260120,2026-03-02,75925.49,13.8,VCH/MP20260120/1
MP20260120,2026-08-31,108147.62,33.5,VCH/MP20260120/2
MP20250121,2025-08-08,1068669.96,44.3,VCH/MP20250121/1
MP20250121,2025-11-03,468799.06,63.7,VCH/MP20250121/2
MP20250121,2026-01-29,874272.84,100.0,VCH/MP20250121/3
MP20250122,2026-01-16,3392967.69,48.9,VCH/MP20250122/1
MP20250122,2026-04-20,2098952.57,79.1,VCH/MP20250122/2
MP20240123,2024-05-26,850465.3,35.4,VCH/MP20240123/1
MP20240123,2024-07-14,952879.19,75.0,VCH/MP20240123/2
MP20240123,2024-09-01,599754.84,100.0,VCH/MP20240123/3
MP20250124,2025-12-12,1594147.38,23.3,VCH/MP20250124/1
MP20250124,2026-02-07,772256.71,34.5,VCH/MP20250124/2
MP20250124,2026-04-05,1154461.24,51.4,VCH/MP20250124/3
MP20250124,2026-06-01,1710187.05,76.3,VCH/MP20250124/4
MP20260125,2026-07-01,728434.65,13.8,VCH/MP20260125/1
MP20260125,2026-08-31,756002.79,28.1,VCH/MP20260125/2
MP20260125,2026-08-31,472170.47,37.1,VCH/MP20260125/3
MP20250126,2025-09-02,1128898.13,43.3,VCH/MP20250126/1
MP20250126,2025-12-09,1476924.15,100.0,VCH/MP20250126/2
MP20250127,2025-11-04,1364860.75,65.3,VCH/MP20250127/1
MP20250127,2025-12-25,725509.06,100.0,VCH/MP20250127/2
MP20260128,2026-05-24,104533.35,5.0,VCH/MP20260128/1
MP20260128,2026-08-28,191725.57,14.1,VCH/MP20260128/2
MP20260128,2026-08-31,199032.76,23.5,VCH/MP20260128/3
MP20260128,2026-08-31,96243.76,28.1,VCH/MP20260128/4
MP20240129,2024-06-07,460608.3,37.5,VCH/MP20240129/1
MP20240129,2024-08-06,320403.4,63.6,VCH/MP20240129/2
MP20240129,2024-10-05,447018.47,100.0,VCH/MP20240129/3
MP20250130,2025-12-16,1077099.23,49.8,VCH/MP20250130/1
MP20250130,2026-03-18,1086346.43,100.0,VCH/MP20250130/2
MP20240131,2024-09-05,864929.76,56.4,VCH/MP20240131/1
MP20240131,2024-10-30,668013.85,100.0,VCH/MP20240131/2
MP20250132,2025-06-10,798584.67,41.9,VCH/MP20250132/1
MP20250132,2025-08-29,493801.27,67.9,VCH/MP20250132/2
MP20250132,2025-11-17,612243.48,100.0,VCH/MP20250132/3
MP20250133,2025-11-22,1746332.02,37.1,VCH/MP20250133/1
MP20250133,2026-01-07,1354154.51,65.8,VCH/MP20250133/2
MP20250133,2026-02-22,1609787.14,100.0,VCH/MP20250133/3
MP20240134,2024-07-17,442880.23,49.5,VCH/MP20240134/1
MP20240134,2024-10-09,452268.25,100.0,VCH/MP20240134/2
MP20250135,2025-02-13,197788.63,30.7,VCH/MP20250135/1
MP20250135,2025-04-28,181316.16,58.9,VCH/MP20250135/2
MP20250135,2025-07-11,264911.65,100.0,VCH/MP20250135/3
MP20250136,2025-01-20,953202.71,26.8,VCH/MP20250136/1
MP20250136,2025-04-23,1092950.64,57.6,VCH/MP20250136/2
MP20250136,2025-07-25,1508664.61,100.0,VCH/MP20250136/3
MP20240137,2024-06-11,106522.58,33.7,VCH/MP20240137/1
MP20240137,2024-08-11,104812.5,66.9,VCH/MP20240137/2
MP20240137,2024-10-11,104472.95,100.0,VCH/MP20240137/3
MP20260138,2026-06-14,344560.5,13.2,VCH/MP20260138/1
MP20260138,2026-08-10,290314.6,24.3,VCH/MP20260138/2
MP20260138,2026-08-31,242408.34,33.5,VCH/MP20260138/3
MP20260138,2026-08-31,219396.44,41.9,VCH/MP20260138/4
MP20250139,2025-02-10,1421919.8,53.3,VCH/MP20250139/1
MP20250139,2025-04-22,1246765.41,100.0,VCH/MP20250139/2
MP20240140,2024-05-17,3315063.31,20.5,VCH/MP20240140/1
MP20240140,2024-08-16,2233965.46,34.4,VCH/MP20240140/2
MP20240140,2024-11-15,2082255.75,47.2,VCH/MP20240140/3
MP20240140,2025-02-14,3029287.66,66.0,VCH/MP20240140/4
MP20240141,2024-08-01,537627.62,20.6,VCH/MP20240141/1
MP20240141,2025-02-17,352906.45,34.1,VCH/MP20240141/2
MP20240142,2024-05-31,1144331.33,20.0,VCH/MP20240142/1
MP20240142,2024-08-21,1404110.09,44.6,VCH/MP20240142/2
MP20240142,2024-11-11,1398448.47,69.1,VCH/MP20240142/3
MP20240142,2025-02-01,1761554.25,100.0,VCH/MP20240142/4
MP20260143,2026-08-09,780871.69,11.0,VCH/MP20260143/1
MP20260143,2026-08-31,1071673.15,26.1,VCH/MP20260143/2
MP20260144,2026-05-15,2002151.38,7.8,VCH/MP20260144/1
MP20260144,2026-08-19,1930638.43,15.3,VCH/MP20260144/2
MP20240145,2024-12-05,311677.38,30.0,VCH/MP20240145/1
MP20240145,2025-02-22,502557.52,78.4,VCH/MP20240145/2
MP20240145,2025-05-12,224768.77,100.0,VCH/MP20240145/3
MP20240146,2024-07-27,143324.14,36.1,VCH/MP20240146/1
MP20240146,2024-09-09,103154.93,62.0,VCH/MP20240146/2
MP20240146,2024-10-23,150884.27,100.0,VCH/MP20240146/3
MP20240147,2025-01-25,441892.52,8.2,VCH/MP20240147/1
MP20240147,2025-08-13,527715.36,18.0,VCH/MP20240147/2
MP20250148,2025-07-26,794148.51,16.2,VCH/MP20250148/1
MP20250148,2025-09-14,1025880.97,37.1,VCH/MP20250148/2
MP20250148,2025-11-03,1516134.89,68.0,VCH/MP20250148/3
MP20250148,2025-12-23,1570411.39,100.0,VCH/MP20250148/4
MP20250149,2026-01-11,780161.45,35.5,VCH/MP20250149/1
MP20250149,2026-03-22,704552.67,67.5,VCH/MP20250149/2
MP20250149,2026-05-31,714826.09,100.0,VCH/MP20250149/3
MP20260150,2026-03-10,345072.09,14.0,VCH/MP20260150/1
MP20260150,2026-05-04,551185.12,36.4,VCH/MP20260150/2
MP20260150,2026-06-28,762931.32,67.3,VCH/MP20260150/3
MP20250151,2025-05-16,172058.91,25.3,VCH/MP20250151/1
MP20250151,2025-08-29,188067.97,53.0,VCH/MP20250151/2
MP20250151,2025-12-12,155291.67,75.8,VCH/MP20250151/3
MP20250151,2026-03-27,164313.28,100.0,VCH/MP20250151/4
MP20250152,2025-11-23,2109925.94,31.0,VCH/MP20250152/1
MP20250152,2026-02-18,1159473.03,48.1,VCH/MP20250152/2
MP20250152,2026-05-16,1131954.74,64.7,VCH/MP20250152/3
MP20260153,2026-03-21,616225.97,1.0,VCH/MP20260153/1
MP20260153,2026-06-18,1122325.88,2.9,VCH/MP20260153/2
MP20260153,2026-08-31,1296152.24,5.1,VCH/MP20260153/3
MP20260154,2026-06-20,531668.27,13.1,VCH/MP20260154/1
MP20260154,2026-08-31,600167.29,27.8,VCH/MP20260154/2
MP20260154,2026-08-31,438946.28,38.6,VCH/MP20260154/3
MP20250155,2025-04-01,772724.2,2.2,VCH/MP20250155/1
MP20250155,2025-06-03,688347.28,4.2,VCH/MP20250155/2
MP20250155,2025-08-05,635911.46,6.1,VCH/MP20250155/3
MP20250155,2025-10-07,842286.43,8.5,VCH/MP20250155/4
MP20250156,2025-06-04,537919.72,37.3,VCH/MP20250156/1
MP20250156,2025-08-11,902421.65,100.0,VCH/MP20250156/2
MP20240157,2024-09-06,1032334.9,26.2,VCH/MP20240157/1
MP20240157,2024-11-10,688091.88,43.7,VCH/MP20240157/2
MP20240157,2025-01-14,1510742.94,82.1,VCH/MP20240157/3
MP20240157,2025-03-20,704612.3,100.0,VCH/MP20240157/4
MP20250158,2025-07-31,755050.42,34.2,VCH/MP20250158/1
MP20250158,2025-10-07,713738.11,66.6,VCH/MP20250158/2
MP20250158,2025-12-14,736120.33,100.0,VCH/MP20250158/3
MP20240159,2024-05-01,712508.49,40.9,VCH/MP20240159/1
MP20240159,2024-06-23,1029671.82,100.0,VCH/MP20240159/2
MP20260160,2026-06-13,49202.03,17.3,VCH/MP20260160/1
MP20260160,2026-08-31,53283.09,36.0,VCH/MP20260160/2
MP20260160,2026-08-31,45819.85,52.1,VCH/MP20260160/3
MP20260160,2026-08-31,43654.31,67.4,VCH/MP20260160/4
MP20260161,2026-04-28,225207.04,4.1,VCH/MP20260161/1
MP20260161,2026-07-21,191122.85,7.6,VCH/MP20260161/2
MP20260161,2026-08-31,264532.07,12.4,VCH/MP20260161/3
MP20260161,2026-08-31,383368.47,19.4,VCH/MP20260161/4
MP20250162,2025-10-23,643008.09,65.2,VCH/MP20250162/1
MP20250162,2025-12-20,343233.68,100.0,VCH/MP20250162/2
MP20250163,2025-09-24,690905.81,55.6,VCH/MP20250163/1
MP20250163,2025-12-30,532193.06,98.5,VCH/MP20250163/2
MP20250164,2025-07-25,1010564.12,24.8,VCH/MP20250164/1
MP20250164,2025-10-10,797121.67,44.4,VCH/MP20250164/2
MP20250164,2025-12-26,668405.73,60.8,VCH/MP20250164/3
MP20250165,2025-07-11,1022874.48,42.5,VCH/MP20250165/1
MP20250165,2025-09-08,1382167.88,100.0,VCH/MP20250165/2
MP20250166,2025-10-27,1333696.84,52.7,VCH/MP20250166/1
MP20250166,2025-12-17,1196410.4,100.0,VCH/MP20250166/2
MP20250167,2025-12-04,874685.62,37.7,VCH/MP20250167/1
MP20250167,2026-02-25,698723.71,67.8,VCH/MP20250167/2
MP20250167,2026-05-19,745735.22,100.0,VCH/MP20250167/3
MP20240168,2024-06-06,5448964.85,40.9,VCH/MP20240168/1
MP20240168,2024-07-15,7863917.57,100.0,VCH/MP20240168/2
MP20250169,2026-01-19,2628989.97,40.2,VCH/MP20250169/1
MP20250169,2026-03-01,1456443.63,62.4,VCH/MP20250169/2
MP20250169,2026-04-11,1577804.92,86.5,VCH/MP20250169/3
MP20260170,2026-02-19,742999.46,17.9,VCH/MP20260170/1
MP20260170,2026-04-01,896248.73,39.4,VCH/MP20260170/2
MP20260170,2026-05-12,950419.95,62.3,VCH/MP20260170/3
MP20240171,2024-09-20,1808834.54,33.2,VCH/MP20240171/1
MP20240171,2024-11-27,1570230.88,62.0,VCH/MP20240171/2
MP20240171,2025-02-03,2070044.54,100.0,VCH/MP20240171/3
MP20260172,2026-05-23,517746.46,10.5,VCH/MP20260172/1
MP20260172,2026-07-07,687545.44,24.4,VCH/MP20260172/2
MP20260172,2026-08-21,813537.5,40.9,VCH/MP20260172/3
MP20250173,2025-06-11,1714651.7,41.3,VCH/MP20250173/1
MP20250173,2025-08-21,2441500.58,100.0,VCH/MP20250173/2
MP20240174,2024-08-01,2462494.81,80.2,VCH/MP20240174/1
MP20240174,2024-10-09,608609.11,100.0,VCH/MP20240174/2
MP20250175,2025-05-16,136236.29,29.0,VCH/MP20250175/1
MP20250175,2025-08-10,201681.98,71.9,VCH/MP20250175/2
MP20250175,2025-11-04,131740.41,100.0,VCH/MP20250175/3
MP20250176,2025-03-27,185382.54,27.5,VCH/MP20250176/1
MP20250176,2025-06-24,263898.76,66.5,VCH/MP20250176/2
MP20250176,2025-09-21,226011.4,100.0,VCH/MP20250176/3
MP20240177,2024-07-08,1610978.4,23.0,VCH/MP20240177/1
MP20240177,2024-10-22,2718428.58,61.8,VCH/MP20240177/2
MP20240177,2025-02-05,2681275.05,100.0,VCH/MP20240177/3
MP20240178,2024-10-18,2143262.42,66.0,VCH/MP20240178/1
MP20240178,2024-12-07,1103512.32,100.0,VCH/MP20240178/2
MP20260179,2026-03-28,358429.51,29.3,VCH/MP20260179/1
MP20260179,2026-07-14,207210.58,46.2,VCH/MP20260179/2
MP20260179,2026-08-31,337818.81,73.8,VCH/MP20260179/3
MP20260179,2026-08-31,211036.45,91.1,VCH/MP20260179/4
MP20240180,2024-07-31,1188721.34,37.5,VCH/MP20240180/1
MP20240180,2024-10-05,1090259.58,71.9,VCH/MP20240180/2
MP20240180,2024-12-10,892159.28,100.0,VCH/MP20240180/3
MP20240181,2024-05-24,3959082.07,50.6,VCH/MP20240181/1
MP20240181,2024-08-13,2773287.43,86.0,VCH/MP20240181/2
MP20240182,2024-10-29,1300063.86,51.2,VCH/MP20240182/1
MP20240182,2025-02-04,1240173.01,100.0,VCH/MP20240182/2
MP20240183,2024-04-15,658584.09,4.7,VCH/MP20240183/1
MP20240183,2024-05-31,583700.79,8.9,VCH/MP20240183/2
MP20240183,2024-07-16,343146.2,11.4,VCH/MP20240183/3
MP20240183,2024-08-31,760406.11,16.9,VCH/MP20240183/4
MP20250184,2025-12-10,1663497.27,2.9,VCH/MP20250184/1
MP20250184,2026-01-26,1158872.73,4.9,VCH/MP20250184/2
MP20260185,2026-03-03,225568.29,12.9,VCH/MP20260185/1
MP20260185,2026-05-22,271036.38,28.3,VCH/MP20260185/2
MP20260185,2026-08-10,285242.72,44.6,VCH/MP20260185/3
MP20250186,2025-04-10,628116.93,33.0,VCH/MP20250186/1
MP20250186,2025-06-12,437840.26,55.9,VCH/MP20250186/2
MP20250186,2025-08-14,384185.5,76.1,VCH/MP20250186/3
MP20250186,2025-10-16,455586.37,100.0,VCH/MP20250186/4
MP20250187,2025-08-04,215577.99,41.4,VCH/MP20250187/1
MP20250187,2025-10-10,147658.17,69.8,VCH/MP20250187/2
MP20250187,2025-12-16,156872.49,100.0,VCH/MP20250187/3
MP20240188,2024-11-10,771741.29,30.9,VCH/MP20240188/1
MP20240188,2025-02-06,959220.76,69.4,VCH/MP20240188/2
MP20240188,2025-05-05,764791.85,100.0,VCH/MP20240188/3
MP20260189,2026-06-15,6554949.66,33.3,VCH/MP20260189/1
MP20260189,2026-07-23,6216851.95,64.9,VCH/MP20260189/2
MP20260190,2026-07-23,106807.83,7.8,VCH/MP20260190/1
MP20260190,2026-08-31,128937.14,17.2,VCH/MP20260190/2
MP20240191,2024-10-11,2097957.76,35.3,VCH/MP20240191/1
MP20240191,2024-12-13,2339929.62,74.7,VCH/MP20240191/2
MP20240191,2025-02-14,1503720.92,100.0,VCH/MP20240191/3
MP20260192,2026-08-30,46040.44,2.8,VCH/MP20260192/1
MP20260192,2026-08-31,83938.2,7.9,VCH/MP20260192/2
MP20250193,2025-08-12,154444.6,17.2,VCH/MP20250193/1
MP20250193,2025-11-27,319904.95,52.7,VCH/MP20250193/2
MP20250193,2026-03-14,200006.19,74.9,VCH/MP20250193/3
MP20250193,2026-06-29,225823.42,100.0,VCH/MP20250193/4
MP20250194,2025-04-01,1045231.11,23.7,VCH/MP20250194/1
MP20250194,2025-07-07,1456287.01,56.7,VCH/MP20250194/2
MP20250194,2025-10-12,956653.76,78.4,VCH/MP20250194/3
MP20250194,2026-01-17,955132.74,100.0,VCH/MP20250194/4
MP20240195,2024-04-25,1781934.77,52.0,VCH/MP20240195/1
MP20240195,2024-06-03,1641650.14,100.0,VCH/MP20240195/2
MP20250196,2025-08-13,509139.06,73.0,VCH/MP20250196/1
MP20250196,2025-10-14,188218.79,100.0,VCH/MP20250196/2
MP20260197,2026-08-07,39379.41,1.9,VCH/MP20260197/1
MP20260197,2026-08-31,45769.24,4.0,VCH/MP20260197/2
MP20260197,2026-08-31,47371.85,6.3,VCH/MP20260197/3
MP20260197,2026-08-31,50507.54,8.7,VCH/MP20260197/4
MP20240198,2025-01-28,1277422.88,58.7,VCH/MP20240198/1
MP20240198,2025-05-11,898487.81,100.0,VCH/MP20240198/2
MP20240199,2024-11-21,553120.05,24.9,VCH/MP20240199/1
MP20240199,2024-12-29,682814.88,55.6,VCH/MP20240199/2
MP20240199,2025-02-05,419024.44,74.5,VCH/MP20240199/3
MP20240199,2025-03-15,567346.13,100.0,VCH/MP20240199/4
MP20250200,2025-12-28,472602.98,14.9,VCH/MP20250200/1
MP20250200,2026-03-17,298890.25,24.3,VCH/MP20250200/2
MP20250200,2026-06-04,334920.53,34.8,VCH/MP20250200/3
MP20250200,2026-08-22,579693.76,53.0,VCH/MP20250200/4
MP20240201,2024-12-05,993432.17,43.7,VCH/MP20240201/1
MP20240201,2025-01-22,545648.51,67.6,VCH/MP20240201/2
MP20240201,2025-03-11,736370.98,100.0,VCH/MP20240201/3
MP20240202,2024-08-04,550896.69,17.9,VCH/MP20240202/1
MP20240202,2024-11-07,584347.46,37.0,VCH/MP20240202/2
MP20240202,2025-02-10,798475.47,63.0,VCH/MP20240202/3
MP20240202,2025-05-16,889899.64,92.0,VCH/MP20240202/4
MP20250203,2026-01-20,962668.83,29.5,VCH/MP20250203/1
MP20250203,2026-04-03,1011182.84,60.5,VCH/MP20250203/2
MP20250203,2026-06-15,633282.21,79.8,VCH/MP20250203/3
MP20250203,2026-08-27,658038.46,100.0,VCH/MP20250203/4
MP20240204,2024-04-24,721422.33,27.4,VCH/MP20240204/1
MP20240204,2024-07-05,789528.54,57.3,VCH/MP20240204/2
MP20240204,2024-09-15,693725.19,83.7,VCH/MP20240204/3
MP20240204,2024-11-26,430636.51,100.0,VCH/MP20240204/4
MP20250205,2025-10-11,195058.87,43.0,VCH/MP20250205/1
MP20250205,2025-11-28,221779.95,91.9,VCH/MP20250205/2
MP20250206,2025-03-02,654812.42,32.5,VCH/MP20250206/1
MP20250206,2025-05-02,596490.42,62.2,VCH/MP20250206/2
MP20250206,2025-07-02,761372.26,100.0,VCH/MP20250206/3
MP20250207,2025-02-13,427111.33,1.0,VCH/MP20250207/1
MP20250207,2025-05-03,358138.89,1.9,VCH/MP20250207/2
MP20250207,2025-07-21,537853.21,3.2,VCH/MP20250207/3
MP20240208,2024-05-29,1152784.67,28.2,VCH/MP20240208/1
MP20240208,2024-09-12,921653.64,50.8,VCH/MP20240208/2
MP20240208,2024-12-27,1126447.2,78.3,VCH/MP20240208/3
MP20240208,2025-04-12,886360.71,100.0,VCH/MP20240208/4
MP20250209,2025-08-24,1150864.38,51.5,VCH/MP20250209/1
MP20250209,2025-10-23,1085325.39,100.0,VCH/MP20250209/2
MP20240210,2024-06-03,848636.16,25.3,VCH/MP20240210/1
MP20240210,2024-07-25,675839.42,45.4,VCH/MP20240210/2
MP20240210,2024-09-15,966958.37,74.1,VCH/MP20240210/3
MP20240210,2024-11-06,869195.38,100.0,VCH/MP20240210/4
MP20240211,2024-06-14,1459088.49,83.7,VCH/MP20240211/1
MP20240211,2024-08-02,285053.08,100.0,VCH/MP20240211/2
MP20240212,2024-10-15,913586.98,40.3,VCH/MP20240212/1
MP20240212,2025-01-25,1351069.61,100.0,VCH/MP20240212/2
MP20240213,2024-11-19,664414.79,28.7,VCH/MP20240213/1
MP20240213,2025-01-20,699495.6,58.9,VCH/MP20240213/2
MP20240213,2025-03-23,951262.16,100.0,VCH/MP20240213/3
MP20250214,2025-02-28,2431821.09,46.1,VCH/MP20250214/1
MP20250214,2025-04-09,2847131.46,100.0,VCH/MP20250214/2
MP20240215,2024-09-29,1968788.66,38.6,VCH/MP20240215/1
MP20240215,2024-11-24,3127957.94,100.0,VCH/MP20240215/2
MP20250216,2025-06-22,3374539.21,21.9,VCH/MP20250216/1
MP20250216,2025-10-10,3026935.67,41.5,VCH/MP20250216/2
MP20250216,2026-01-28,4801973.18,72.6,VCH/MP20250216/3
MP20240217,2025-01-03,970136.52,40.3,VCH/MP20240217/1
MP20240217,2025-04-06,1435978.1,100.0,VCH/MP20240217/2
MP20240218,2024-08-21,107382.99,3.1,VCH/MP20240218/1
MP20240218,2025-03-09,212692.27,9.2,VCH/MP20240218/2
MP20240218,2025-09-25,174705.11,14.2,VCH/MP20240218/3
MP20240218,2026-04-13,194705.06,19.8,VCH/MP20240218/4
MP20250219,2025-07-10,1298725.07,43.8,VCH/MP20250219/1
MP20250219,2025-09-04,1663310.72,100.0,VCH/MP20250219/2
MP20250220,2025-02-21,342062.61,31.5,VCH/MP20250220/1
MP20250220,2025-05-14,215867.98,51.4,VCH/MP20250220/2
MP20250220,2025-08-04,289358.54,78.0,VCH/MP20250220/3
MP20250220,2025-10-25,238770.08,100.0,VCH/MP20250220/4
MP20250221,2025-10-02,313385.52,17.4,VCH/MP20250221/1
MP20250221,2025-11-21,496616.55,45.1,VCH/MP20250221/2
MP20250221,2026-01-10,323885.74,63.1,VCH/MP20250221/3
MP20250221,2026-03-01,369692.26,83.7,VCH/MP20250221/4
MP20250222,2025-07-02,909639.62,49.1,VCH/MP20250222/1
MP20250222,2025-10-08,482760.31,75.1,VCH/MP20250222/2
MP20250222,2026-01-14,461927.89,100.0,VCH/MP20250222/3
MP20250223,2025-11-16,1595466.51,23.5,VCH/MP20250223/1
MP20250223,2026-02-20,2691472.01,63.2,VCH/MP20250223/2
MP20250223,2026-05-27,2499425.76,100.0,VCH/MP20250223/3
MP20250224,2025-03-01,1319799.38,82.7,VCH/MP20250224/1
MP20250224,2025-05-01,276326.38,100.0,VCH/MP20250224/2
MP20240225,2024-12-10,1355519.42,41.3,VCH/MP20240225/1
MP20240225,2025-03-07,1121380.88,75.5,VCH/MP20240225/2
MP20240225,2025-06-02,805698.67,100.0,VCH/MP20240225/3
MP20240226,2024-08-05,2684422.12,37.1,VCH/MP20240226/1
MP20240226,2024-09-10,2543118.08,72.3,VCH/MP20240226/2
MP20240226,2024-10-16,2007444.25,100.0,VCH/MP20240226/3
MP20250227,2026-02-04,758700.01,34.0,VCH/MP20250227/1
MP20250227,2026-03-23,414601.66,52.5,VCH/MP20250227/2
MP20250227,2026-05-09,560222.84,77.6,VCH/MP20250227/3
MP20240228,2024-12-24,755803.63,91.4,VCH/MP20240228/1
MP20240228,2025-01-28,71101.83,100.0,VCH/MP20240228/2
MP20240229,2024-09-01,1389089.07,50.5,VCH/MP20240229/1
MP20240229,2024-10-21,1362771.79,100.0,VCH/MP20240229/2
MP20240230,2024-09-26,924509.0,38.3,VCH/MP20240230/1
MP20240230,2024-11-04,813234.04,71.9,VCH/MP20240230/2
MP20240230,2024-12-13,678629.16,100.0,VCH/MP20240230/3
MP20240231,2024-07-20,1282146.76,53.6,VCH/MP20240231/1
MP20240231,2024-10-02,1109448.48,100.0,VCH/MP20240231/2
MP20240232,2024-05-02,1124833.43,29.9,VCH/MP20240232/1
MP20240232,2024-06-18,1045862.36,57.6,VCH/MP20240232/2
MP20240232,2024-08-04,937524.33,82.5,VCH/MP20240232/3
MP20240232,2024-09-20,657305.33,100.0,VCH/MP20240232/4
MP20250233,2025-04-13,195550.91,22.3,VCH/MP20250233/1
MP20250233,2025-07-24,253816.38,51.3,VCH/MP20250233/2
MP20250233,2025-11-03,154441.07,68.9,VCH/MP20250233/3
MP20250233,2026-02-13,271946.43,100.0,VCH/MP20250233/4
MP20250234,2025-12-27,351561.02,24.5,VCH/MP20250234/1
MP20250234,2026-03-24,378066.06,50.8,VCH/MP20250234/2
MP20250234,2026-06-19,373265.44,76.9,VCH/MP20250234/3
MP20250234,2026-08-31,332072.1,100.0,VCH/MP20250234/4
MP20250235,2025-04-18,320998.93,30.6,VCH/MP20250235/1
MP20250235,2025-08-05,257366.9,55.1,VCH/MP20250235/2
MP20250235,2025-11-22,217112.78,75.7,VCH/MP20250235/3
MP20250235,2026-03-11,254843.55,100.0,VCH/MP20250235/4
MP20250236,2025-08-29,1216652.96,32.8,VCH/MP20250236/1
MP20250236,2025-12-17,1269630.26,67.0,VCH/MP20250236/2
MP20250236,2026-04-06,1225393.07,100.0,VCH/MP20250236/3
MP20240237,2024-12-31,1338781.23,45.5,VCH/MP20240237/1
MP20240237,2025-03-16,1600913.33,100.0,VCH/MP20240237/2
MP20240238,2024-10-05,4986716.26,59.0,VCH/MP20240238/1
MP20240238,2025-01-19,3468392.38,100.0,VCH/MP20240238/2
MP20250239,2025-08-12,3036459.31,49.0,VCH/MP20250239/1
MP20250239,2025-11-17,3164936.48,100.0,VCH/MP20250239/2
MP20250240,2025-04-21,2373020.71,14.9,VCH/MP20250240/1
MP20250240,2025-06-15,2322486.57,29.4,VCH/MP20250240/2
MP20250240,2025-08-09,1897138.51,41.3,VCH/MP20250240/3
MP20250240,2025-10-03,2319202.73,55.8,VCH/MP20250240/4
MP20240241,2024-06-09,788525.7,41.8,VCH/MP20240241/1
MP20240241,2024-07-30,596252.11,73.3,VCH/MP20240241/2
MP20240241,2024-09-19,503320.72,100.0,VCH/MP20240241/3
MP20250242,2026-01-08,1109284.81,17.9,VCH/MP20250242/1
MP20250242,2026-02-20,1272319.28,38.4,VCH/MP20250242/2
MP20250242,2026-04-04,890920.5,52.7,VCH/MP20250242/3
MP20250242,2026-05-17,1099165.24,70.4,VCH/MP20250242/4
MP20250243,2025-07-11,506841.61,28.3,VCH/MP20250243/1
MP20250243,2025-09-11,274046.92,43.6,VCH/MP20250243/2
MP20250243,2025-11-12,516362.55,72.4,VCH/MP20250243/3
MP20250243,2026-01-13,494670.38,100.0,VCH/MP20250243/4
MP20240244,2024-09-03,328996.32,51.9,VCH/MP20240244/1
MP20240244,2024-10-24,304962.38,100.0,VCH/MP20240244/2
MP20240245,2024-08-23,172495.17,30.8,VCH/MP20240245/1
MP20240245,2024-11-18,162246.4,59.7,VCH/MP20240245/2
MP20240245,2025-02-13,225958.17,100.0,VCH/MP20240245/3
MP20240246,2024-05-14,200630.32,37.7,VCH/MP20240246/1
MP20240246,2024-06-22,331863.71,100.0,VCH/MP20240246/2
MP20240247,2024-05-28,499459.3,34.6,VCH/MP20240247/1
MP20240247,2024-08-16,426082.57,64.2,VCH/MP20240247/2
MP20240247,2024-11-04,517218.71,100.0,VCH/MP20240247/3
MP20240248,2024-09-30,3834653.88,91.4,VCH/MP20240248/1
MP20240248,2025-01-02,361354.79,100.0,VCH/MP20240248/2
MP20260249,2026-07-08,143756.29,7.4,VCH/MP20260249/1
MP20260249,2026-08-21,132695.56,14.3,VCH/MP20260249/2
MP20260249,2026-08-31,80322.88,18.5,VCH/MP20260249/3
MP20260249,2026-08-31,94868.46,23.4,VCH/MP20260249/4
MP20250250,2025-08-29,447875.78,17.7,VCH/MP20250250/1
MP20250250,2025-11-28,568083.79,40.2,VCH/MP20250250/2
MP20250250,2026-02-27,481819.51,59.3,VCH/MP20250250/3
MP20250250,2026-05-29,759984.41,89.4,VCH/MP20250250/4
MP20250251,2025-10-02,1155839.14,37.3,VCH/MP20250251/1
MP20250251,2025-11-29,936134.74,67.5,VCH/MP20250251/2
MP20250251,2026-01-26,1006848.36,100.0,VCH/MP20250251/3
MP20250252,2025-11-19,16727.84,4.1,VCH/MP20250252/1
MP20250252,2026-06-07,19906.53,8.9,VCH/MP20250252/2
MP20250252,2026-08-31,25547.8,15.1,VCH/MP20250252/3
MP20250253,2025-04-12,5114054.69,87.0,VCH/MP20250253/1
MP20250253,2025-07-15,764698.58,100.0,VCH/MP20250253/2
MP20260254,2026-06-11,437772.44,9.8,VCH/MP20260254/1
MP20260254,2026-08-11,617560.59,23.7,VCH/MP20260254/2
MP20260254,2026-08-31,724157.2,40.0,VCH/MP20260254/3
MP20250255,2025-02-03,3568236.78,93.5,VCH/MP20250255/1
MP20250255,2025-05-09,248595.58,100.0,VCH/MP20250255/2
MP20260256,2026-07-02,1129893.09,8.4,VCH/MP20260256/1
MP20260256,2026-08-31,1055934.17,16.2,VCH/MP20260256/2
MP20240257,2024-11-26,414132.25,28.9,VCH/MP20240257/1
MP20240257,2025-02-05,240984.62,45.8,VCH/MP20240257/2
MP20240257,2025-04-17,425076.59,75.4,VCH/MP20240257/3
MP20240257,2025-06-27,351476.48,100.0,VCH/MP20240257/4
MP20260258,2026-01-16,973922.28,21.0,VCH/MP20260258/1
MP20260258,2026-04-22,1734293.5,58.4,VCH/MP20260258/2
MP20260258,2026-07-27,1926832.6,100.0,VCH/MP20260258/3
MP20250259,2025-04-07,151798.33,27.7,VCH/MP20250259/1
MP20250259,2025-06-17,110637.55,47.9,VCH/MP20250259/2
MP20250259,2025-08-27,182668.43,81.2,VCH/MP20250259/3
MP20250259,2025-11-06,103050.2,100.0,VCH/MP20250259/4
MP20260260,2026-03-21,161908.38,4.2,VCH/MP20260260/1
MP20260260,2026-06-21,173801.33,8.7,VCH/MP20260260/2
MP20260260,2026-08-31,158127.11,12.7,VCH/MP20260260/3
MP20260260,2026-08-31,195607.37,17.8,VCH/MP20260260/4
MP20240261,2024-06-12,1032881.08,45.4,VCH/MP20240261/1
MP20240261,2024-07-17,542453.24,69.2,VCH/MP20240261/2
MP20240261,2024-08-21,701559.96,100.0,VCH/MP20240261/3
MP20250262,2025-08-19,1023920.91,76.9,VCH/MP20250262/1
MP20250262,2025-10-12,307441.41,100.0,VCH/MP20250262/2
MP20240263,2024-12-29,351369.66,13.6,VCH/MP20240263/1
MP20240263,2025-02-19,656941.34,39.0,VCH/MP20240263/2
MP20240263,2025-04-12,778400.44,69.0,VCH/MP20240263/3
MP20240263,2025-06-03,801061.58,100.0,VCH/MP20240263/4
MP20250264,2026-01-10,1083982.08,9.1,VCH/MP20250264/1
MP20250264,2026-03-09,2157143.18,27.2,VCH/MP20250264/2
MP20250264,2026-05-06,1951969.62,43.6,VCH/MP20250264/3
MP20250264,2026-07-03,1594252.45,57.0,VCH/MP20250264/4
MP20260265,2026-03-07,297919.7,15.0,VCH/MP20260265/1
MP20260265,2026-05-03,293304.24,29.7,VCH/MP20260265/2
MP20260265,2026-06-29,279621.47,43.8,VCH/MP20260265/3
MP20260265,2026-08-25,264230.47,57.1,VCH/MP20260265/4
MP20240266,2024-09-25,545795.06,20.3,VCH/MP20240266/1
MP20240266,2025-01-04,770869.55,49.1,VCH/MP20240266/2
MP20240266,2025-04-15,589567.62,71.1,VCH/MP20240266/3
MP20240266,2025-07-25,776530.58,100.0,VCH/MP20240266/4
MP20240267,2024-06-05,235524.05,23.4,VCH/MP20240267/1
MP20240267,2024-09-23,192207.63,42.5,VCH/MP20240267/2
MP20240267,2025-01-11,339657.45,76.3,VCH/MP20240267/3
MP20240267,2025-05-01,238780.5,100.0,VCH/MP20240267/4
MP20250268,2025-11-22,3359239.81,43.9,VCH/MP20250268/1
MP20250268,2026-01-09,2950381.04,82.5,VCH/MP20250268/2
MP20260269,2026-03-06,641644.83,31.9,VCH/MP20260269/1
MP20260269,2026-06-14,961361.76,79.8,VCH/MP20260269/2
MP20240270,2024-05-28,373260.12,18.8,VCH/MP20240270/1
MP20240270,2024-08-08,399394.2,39.0,VCH/MP20240270/2
MP20240270,2024-10-19,643205.07,71.5,VCH/MP20240270/3
MP20240270,2024-12-30,565015.59,100.0,VCH/MP20240270/4
MP20250271,2025-02-21,1201946.28,34.9,VCH/MP20250271/1
MP20250271,2025-05-23,692982.6,55.0,VCH/MP20250271/2
MP20250271,2025-08-22,923428.86,81.8,VCH/MP20250271/3
MP20250271,2025-11-21,626548.95,100.0,VCH/MP20250271/4
MP20240272,2024-08-09,521094.03,25.2,VCH/MP20240272/1
MP20240272,2024-10-07,707117.25,59.4,VCH/MP20240272/2
MP20240272,2024-12-05,496303.55,83.4,VCH/MP20240272/3
MP20250273,2026-01-13,1475145.49,24.9,VCH/MP20250273/1
MP20250273,2026-03-08,2192389.21,62.0,VCH/MP20250273/2
MP20250273,2026-05-01,2249098.93,100.0,VCH/MP20250273/3
MP20240274,2024-03-29,611005.2,27.5,VCH/MP20240274/1
MP20240274,2024-06-15,411202.28,46.1,VCH/MP20240274/2
MP20240274,2024-09-01,741054.68,79.5,VCH/MP20240274/3
MP20240274,2024-11-18,455302.37,100.0,VCH/MP20240274/4
MP20240275,2024-05-15,1743411.33,19.5,VCH/MP20240275/1
MP20240275,2024-07-19,3383748.5,57.3,VCH/MP20240275/2
MP20240276,2024-11-11,314318.02,23.9,VCH/MP20240276/1
MP20240276,2025-01-29,337483.67,49.5,VCH/MP20240276/2
MP20240276,2025-04-18,307148.76,72.8,VCH/MP20240276/3
MP20240276,2025-07-06,358907.95,100.0,VCH/MP20240276/4
MP20250277,2025-03-02,513837.97,25.3,VCH/MP20250277/1
MP20250277,2025-06-16,369551.99,43.6,VCH/MP20250277/2
MP20250277,2025-09-30,565558.68,71.4,VCH/MP20250277/3
MP20250277,2026-01-14,579202.78,100.0,VCH/MP20250277/4
MP20240278,2024-07-26,450411.41,6.8,VCH/MP20240278/1
MP20240278,2025-02-11,854955.95,19.7,VCH/MP20240278/2
MP20240278,2025-08-30,603408.27,28.8,VCH/MP20240278/3
MP20240278,2026-03-18,856088.8,41.7,VCH/MP20240278/4
MP20250279,2025-04-26,1902346.2,46.2,VCH/MP20250279/1
MP20250279,2025-07-09,2219387.82,100.0,VCH/MP20250279/2
MP20260280,2026-08-08,1268042.35,24.5,VCH/MP20260280/1
MP20260281,2026-03-07,427560.61,14.8,VCH/MP20260281/1
MP20240282,2024-09-16,1791212.78,48.4,VCH/MP20240282/1
MP20240283,2025-01-20,221984.48,49.6,VCH/MP20240283/1
MP20260284,2026-03-31,840182.03,31.9,VCH/MP20260284/1
MP20250285,2025-11-23,1275258.53,49.4,VCH/MP20250285/1
MP20250286,2025-03-30,4051406.77,21.1,VCH/MP20250286/1
MP20260287,2026-04-23,4212816.27,18.3,VCH/MP20260287/1
MP20250288,2026-01-08,270773.41,53.8,VCH/MP20250288/1
