work_id,update_date,progress,remark
MP20260001,2026-05-30,2.8,Progress recorded with instalment
MP20260001,2026-07-16,6.7,Progress recorded with instalment
MP20250002,2025-02-14,44.1,Progress recorded with instalment
MP20250002,2025-06-02,100.0,Progress recorded with instalment
MP20260003,2026-06-28,14.7,Progress recorded with instalment
MP20260003,2026-08-31,33.6,Progress recorded with instalment
MP20240004,2024-06-03,58.8,Progress recorded with instalment
MP20240004,2024-09-18,100.0,Progress recorded with instalment
MP20250005,2025-10-05,30.8,Progress recorded with instalment
MP20250005,2026-01-06,58.5,Progress recorded with instalment
MP20250005,2026-04-09,83.2,Progress recorded with instalment
MP20250005,2026-07-11,100.0,Progress recorded with instalment
MP20250006,2025-12-01,46.1,Progress recorded with instalment
MP20250006,2026-01-17,100.0,Progress recorded with instalment
MP20250007,2025-08-03,30.8,Progress recorded with instalment
MP20250007,2025-09-19,47.7,Progress recorded with instalment
MP20250007,2025-11-05,70.4,Progress recorded with instalment
MP20250007,2025-12-22,100.0,Progress recorded with instalment
MP20250008,2025-07-24,36.3,Progress recorded with instalment
MP20250008,2025-10-20,100.0,Progress recorded with instalment
MP20240009,2024-10-03,56.4,Progress recorded with instalment
MP20240009,2025-01-11,100.0,Progress recorded with instalment
MP20240010,2024-10-12,40.0,Progress recorded with instalment
MP20240010,2025-01-02,68.4,Progress recorded with instalment
MP20240010,2025-03-25,100.0,Progress recorded with instalment
MP20250011,2025-12-24,42.2,Progress recorded with instalment
MP20250011,2026-04-01,68.5,Progress recorded with instalment
MP20250011,2026-07-08,100.0,Progress recorded with instalment
MP20240012,2025-01-01,33.7,Progress recorded with instalment
MP20240012,2025-04-13,75.0,Progress recorded with instalment
MP20240012,2025-07-24,100.0,Progress recorded with instalment
MP20250013,2025-05-15,52.9,Progress recorded with instalment
MP20250013,2025-07-19,100.0,Progress recorded with instalment
MP20260014,2026-01-31,73.5,Progress recorded with instalment
MP20260014,2026-05-15,100.0,Progress recorded with instalment
MP20240015,2024-05-16,42.9,Progress recorded with instalment
MP20240015,2024-07-26,100.0,Progress recorded with instalment
MP20240016,2024-07-18,59.8,Progress recorded with instalment
MP20240016,2024-09-21,100.0,Progress recorded with instalment
MP20260017,2026-07-05,13.9,Progress recorded with instalment
MP20260017,2026-08-31,22.6,Progress recorded with instalment
MP20260017,2026-08-31,36.0,Progress recorded with instalment
MP20260017,2026-08-31,46.4,Progress recorded with instalment
MP20250018,2025-08-07,61.4,Progress recorded with instalment
MP20250018,2025-11-12,100.0,Progress recorded with instalment
MP20250019,2025-01-26,36.8,Progress recorded with instalment
MP20250019,2025-04-03,58.3,Progress recorded with instalment
MP20250019,2025-06-09,100.0,Progress recorded with instalment
MP20260020,2026-05-05,31.3,Progress recorded with instalment
MP20260020,2026-08-12,84.2,Progress recorded with instalment
MP20240021,2024-05-01,12.4,Progress recorded with instalment
MP20240021,2024-11-17,21.9,Progress recorded with instalment
MP20240022,2024-11-22,36.1,Progress recorded with instalment
MP20240022,2025-01-07,79.1,Progress recorded with instalment
MP20240022,2025-02-22,100.0,Progress recorded with instalment
MP20240023,2025-02-12,33.2,Progress recorded with instalment
MP20240023,2025-05-03,72.7,Progress recorded with instalment
MP20240023,2025-07-22,100.0,Progress recorded with instalment
MP20250024,2025-06-08,59.7,Progress recorded with instalment
MP20250024,2025-08-11,100.0,Progress recorded with instalment
MP20260025,2026-06-22,14.4,Progress recorded with instalment
MP20260025,2026-07-30,30.1,Progress recorded with instalment
MP20250026,2025-09-08,43.6,Progress recorded with instalment
MP20250026,2025-12-02,70.7,Progress recorded with instalment
MP20250026,2026-02-25,100.0,Progress recorded with instalment
MP20250027,2025-09-04,42.9,Progress recorded with instalment
MP20250027,2025-12-19,100.0,Progress recorded with instalment
MP20250028,2025-07-09,25.6,Progress recorded with instalment
MP20250028,2025-09-07,70.7,Progress recorded with instalment
MP20250028,2025-11-06,100.0,Progress recorded with instalment
MP20250029,2025-09-17,55.1,Progress recorded with instalment
MP20250029,2025-11-02,100.0,Progress recorded with instalment
MP20250030,2025-02-09,6.8,Progress recorded with instalment
MP20250030,2025-08-28,10.8,Progress recorded with instalment
MP20250030,2026-03-16,17.1,Progress recorded with instalment
MP20250030,2026-08-31,23.9,Progress recorded with instalment
MP20240031,2024-06-18,4.3,Progress recorded with instalment
MP20240031,2024-09-06,6.2,Progress recorded with instalment
MP20240031,2024-11-25,9.7,Progress recorded with instalment
MP20240031,2025-02-13,13.5,Progress recorded with instalment
MP20240032,2025-01-18,22.6,Progress recorded with instalment
MP20240032,2025-04-15,59.8,Progress recorded with instalment
MP20240032,2025-07-11,79.4,Progress recorded with instalment
MP20240032,2025-10-06,100.0,Progress recorded with instalment
MP20240033,2024-09-11,30.6,Progress recorded with instalment
MP20240033,2024-12-27,50.9,Progress recorded with instalment
MP20240033,2025-04-13,78.1,Progress recorded with instalment
MP20240033,2025-07-29,100.0,Progress recorded with instalment
MP20250034,2025-02-06,21.0,Progress recorded with instalment
MP20250034,2025-04-10,40.9,Progress recorded with instalment
MP20250034,2025-06-12,62.5,Progress recorded with instalment
MP20250034,2025-08-14,100.0,Progress recorded with instalment
MP20260035,2026-05-02,57.4,Progress recorded with instalment
MP20260035,2026-07-03,100.0,Progress recorded with instalment
MP20250036,2025-02-25,3.7,Progress recorded with instalment
MP20250036,2025-05-09,7.0,Progress recorded with instalment
MP20250036,2025-07-21,11.0,Progress recorded with instalment
MP20250036,2025-10-02,14.4,Progress recorded with instalment
MP20260037,2026-03-17,20.7,Progress recorded with instalment
MP20260037,2026-05-24,41.0,Progress recorded with instalment
MP20260037,2026-07-31,57.0,Progress recorded with instalment
MP20240038,2024-10-01,57.4,Progress recorded with instalment
MP20240038,2024-11-20,100.0,Progress recorded with instalment
MP20240039,2024-05-17,2.9,Progress recorded with instalment
MP20240039,2024-07-20,5.7,Progress recorded with instalment
MP20240039,2024-09-22,8.4,Progress recorded with instalment
MP20240039,2024-11-25,12.3,Progress recorded with instalment
MP20250040,2025-05-19,51.0,Progress recorded with instalment
MP20250040,2025-08-20,100.0,Progress recorded with instalment
MP20250041,2025-12-27,23.0,Progress recorded with instalment
MP20250041,2026-03-29,40.0,Progress recorded with instalment
MP20250041,2026-06-29,63.2,Progress recorded with instalment
MP20260042,2026-02-07,17.1,Progress recorded with instalment
MP20260042,2026-03-20,37.8,Progress recorded with instalment
MP20260042,2026-04-30,63.3,Progress recorded with instalment
MP20260042,2026-06-10,100.0,Progress recorded with instalment
MP20250043,2025-09-21,31.4,Progress recorded with instalment
MP20250043,2026-01-08,71.6,Progress recorded with instalment
MP20250043,2026-04-27,100.0,Progress recorded with instalment
MP20250044,2025-11-10,27.6,Progress recorded with instalment
MP20250044,2026-02-02,48.9,Progress recorded with instalment
MP20250044,2026-04-27,75.9,Progress recorded with instalment
MP20250044,2026-07-20,93.0,Progress recorded with instalment
MP20240045,2024-04-22,10.0,Progress recorded with instalment
MP20240045,2024-11-08,25.8,Progress recorded with instalment
MP20240045,2025-05-27,37.3,Progress recorded with instalment
MP20240045,2025-12-13,52.9,Progress recorded with instalment
MP20250046,2025-08-01,45.8,Progress recorded with instalment
MP20250046,2025-11-07,100.0,Progress recorded with instalment
MP20260047,2026-06-19,7.3,Progress recorded with instalment
MP20260047,2026-08-27,13.2,Progress recorded with instalment
MP20260047,2026-08-31,19.4,Progress recorded with instalment
MP20260047,2026-08-31,25.7,Progress recorded with instalment
MP20250048,2026-01-09,20.6,Progress recorded with instalment
MP20250048,2026-03-19,42.1,Progress recorded with instalment
MP20250048,2026-05-27,67.5,Progress recorded with instalment
MP20250048,2026-08-04,81.4,Progress recorded with instalment
MP20260049,2026-03-02,50.8,Progress recorded with instalment
MP20260049,2026-04-20,88.9,Progress recorded with instalment
MP20250050,2025-04-03,57.4,Progress recorded with instalment
MP20250050,2025-06-16,100.0,Progress recorded with instalment
MP20240051,2024-07-22,24.6,Progress recorded with instalment
MP20240051,2024-09-23,50.3,Progress recorded with instalment
MP20240051,2024-11-25,100.0,Progress recorded with instalment
MP20250052,2025-03-07,66.3,Progress recorded with instalment
MP20250052,2025-06-04,100.0,Progress recorded with instalment
MP20240053,2024-07-04,34.0,Progress recorded with instalment
MP20240053,2024-09-15,67.7,Progress recorded with instalment
MP20240053,2024-11-27,100.0,Progress recorded with instalment
MP20260054,2026-03-26,28.2,Progress recorded with instalment
MP20260054,2026-06-12,80.0,Progress recorded with instalment
MP20260055,2026-08-18,4.8,Progress recorded with instalment
MP20260055,2026-08-31,9.2,Progress recorded with instalment
MP20260055,2026-08-31,11.9,Progress recorded with instalment
MP20260055,2026-08-31,16.2,Progress recorded with instalment
MP20250056,2025-12-20,69.5,Progress recorded with instalment
MP20250056,2026-03-04,100.0,Progress recorded with instalment
MP20260057,2026-07-10,11.3,Progress recorded with instalment
MP20260057,2026-08-31,19.5,Progress recorded with instalment
MP20260057,2026-08-31,28.1,Progress recorded with instalment
MP20260057,2026-08-31,37.6,Progress recorded with instalment
MP20250058,2025-12-25,45.7,Progress recorded with instalment
MP20250058,2026-03-03,100.0,Progress recorded with instalment
MP20250059,2025-02-13,6.0,Progress recorded with instalment
MP20250059,2025-03-21,11.9,Progress recorded with instalment
MP20250060,2025-02-11,71.5,Progress recorded with instalment
MP20250060,2025-04-01,100.0,Progress recorded with instalment
MP20260061,2026-03-12,10.5,Progress recorded with instalment
MP20260061,2026-05-12,22.4,Progress recorded with instalment
MP20260061,2026-07-12,35.9,Progress recorded with instalment
MP20260061,2026-08-31,48.0,Progress recorded with instalment
MP20250062,2025-08-05,16.7,Progress recorded with instalment
MP20250062,2025-10-10,43.3,Progress recorded with instalment
MP20250062,2025-12-15,66.6,Progress recorded with instalment
MP20250062,2026-02-19,100.0,Progress recorded with instalment
MP20260063,2026-02-28,13.1,Progress recorded with instalment
MP20260063,2026-04-24,33.2,Progress recorded with instalment
MP20260063,2026-06-18,52.5,Progress recorded with instalment
MP20240064,2024-11-30,10.3,Progress recorded with instalment
MP20240064,2025-06-18,22.4,Progress recorded with instalment
MP20240065,2024-11-16,54.6,Progress recorded with instalment
MP20240065,2025-02-21,100.0,Progress recorded with instalment
MP20260066,2026-07-14,41.1,Progress recorded with instalment
MP20260066,2026-08-22,46.2,Progress recorded with instalment
MP20240067,2024-11-19,17.2,Progress recorded with instalment
MP20240067,2025-01-20,32.4,Progress recorded with instalment
MP20240067,2025-03-23,66.4,Progress recorded with instalment
MP20240067,2025-05-24,100.0,Progress recorded with instalment
MP20260068,2026-03-03,3.8,Progress recorded with instalment
MP20260068,2026-05-12,10.8,Progress recorded with instalment
MP20260068,2026-07-21,17.7,Progress recorded with instalment
MP20250069,2025-11-28,89.2,Progress recorded with instalment
MP20250069,2026-02-09,100.0,Progress recorded with instalment
MP20250070,2026-01-18,39.4,Progress recorded with instalment
MP20250070,2026-04-17,87.7,Progress recorded with instalment
MP20250071,2025-04-04,31.4,Progress recorded with instalment
MP20250071,2025-05-09,56.9,Progress recorded with instalment
MP20250071,2025-06-13,75.3,Progress recorded with instalment
MP20250071,2025-07-18,100.0,Progress recorded with instalment
MP20250072,2025-01-29,62.1,Progress recorded with instalment
MP20250072,2025-03-16,100.0,Progress recorded with instalment
MP20240073,2024-10-20,41.8,Progress recorded with instalment
MP20240073,2025-01-19,100.0,Progress recorded with instalment
MP20250074,2025-02-09,20.4,Progress recorded with instalment
MP20250074,2025-04-23,45.5,Progress recorded with instalment
MP20250074,2025-07-05,75.7,Progress recorded with instalment
MP20250074,2025-09-16,100.0,Progress recorded with instalment
MP20250075,2025-10-16,52.0,Progress recorded with instalment
MP20250075,2025-12-14,100.0,Progress recorded with instalment
MP20250076,2026-01-10,42.2,Progress recorded with instalment
MP20250076,2026-03-26,67.7,Progress recorded with instalment
MP20250076,2026-06-09,100.0,Progress recorded with instalment
MP20250077,2025-10-12,23.9,Progress recorded with instalment
MP20250077,2026-01-04,53.3,Progress recorded with instalment
MP20250077,2026-03-29,69.3,Progress recorded with instalment
MP20250077,2026-06-21,97.1,Progress recorded with instalment
MP20250078,2025-11-14,17.0,Progress recorded with instalment
MP20250078,2026-02-24,43.2,Progress recorded with instalment
MP20250078,2026-06-06,71.5,Progress recorded with instalment
MP20250078,2026-08-31,100.0,Progress recorded with instalment
MP20250079,2025-07-01,20.9,Progress recorded with instalment
MP20250079,2025-09-28,40.2,Progress recorded with instalment
MP20250079,2025-12-26,77.2,Progress recorded with instalment
MP20250079,2026-03-25,100.0,Progress recorded with instalment
MP20260080,2026-01-17,18.4,Progress recorded with instalment
MP20260080,2026-04-23,52.7,Progress recorded with instalment
MP20260080,2026-07-28,74.5,Progress recorded with instalment
MP20250081,2025-12-13,32.1,Progress recorded with instalment
MP20250081,2026-01-31,51.5,Progress recorded with instalment
MP20250081,2026-03-21,72.5,Progress recorded with instalment
MP20250081,2026-05-09,100.0,Progress recorded with instalment
MP20260082,2026-07-16,12.6,Progress recorded with instalment
MP20260082,2026-08-31,22.6,Progress recorded with instalment
MP20240083,2024-05-18,30.7,Progress recorded with instalment
MP20240083,2024-07-17,51.0,Progress recorded with instalment
MP20240083,2024-09-15,68.9,Progress recorded with instalment
MP20240083,2024-11-14,100.0,Progress recorded with instalment
MP20250084,2025-09-08,61.3,Progress recorded with instalment
MP20250084,2025-12-09,100.0,Progress recorded with instalment
MP20240085,2024-04-27,35.5,Progress recorded with instalment
MP20240085,2024-06-02,100.0,Progress recorded with instalment
MP20240086,2024-07-11,70.8,Progress recorded with instalment
MP20240086,2024-10-20,100.0,Progress recorded with instalment
MP20260087,2026-01-29,56.0,Progress recorded with instalment
MP20260087,2026-04-04,100.0,Progress recorded with instalment
MP20260088,2026-03-22,42.9,Progress recorded with instalment
MP20260088,2026-06-16,100.0,Progress recorded with instalment
MP20260089,2026-02-24,37.7,Progress recorded with instalment
MP20260089,2026-04-07,51.3,Progress recorded with instalment
MP20240090,2025-01-21,40.4,Progress recorded with instalment
MP20240090,2025-05-04,77.3,Progress recorded with instalment
MP20240090,2025-08-15,100.0,Progress recorded with instalment
MP20240091,2024-10-21,38.0,Progress recorded with instalment
MP20240091,2025-02-08,69.2,Progress recorded with instalment
MP20240091,2025-05-29,100.0,Progress recorded with instalment
MP20240092,2024-06-03,38.6,Progress recorded with instalment
MP20240092,2024-07-24,61.5,Progress recorded with instalment
MP20240092,2024-09-13,100.0,Progress recorded with instalment
MP20250093,2025-11-27,12.1,Progress recorded with instalment
MP20250093,2026-01-03,27.9,Progress recorded with instalment
MP20250093,2026-02-09,41.5,Progress recorded with instalment
MP20250093,2026-03-18,59.4,Progress recorded with instalment
MP20250094,2025-10-28,26.1,Progress recorded with instalment
MP20250094,2026-01-06,63.1,Progress recorded with instalment
MP20250094,2026-03-17,100.0,Progress recorded with instalment
MP20250095,2025-08-13,52.2,Progress recorded with instalment
MP20250095,2025-09-24,100.0,Progress recorded with instalment
MP20250096,2025-10-31,1.5,Progress recorded with instalment
MP20250096,2025-12-11,4.4,Progress recorded with instalment
MP20250096,2026-01-21,7.0,Progress recorded with instalment
MP20250096,2026-03-03,9.5,Progress recorded with instalment
MP20260097,2026-07-17,3.7,Progress recorded with instalment
MP20260097,2026-08-23,9.8,Progress recorded with instalment
MP20260097,2026-08-31,12.6,Progress recorded with instalment
MP20260097,2026-08-31,17.5,Progress recorded with instalment
MP20240098,2024-07-12,18.6,Progress recorded with instalment
MP20240098,2025-01-28,35.8,Progress recorded with instalment
MP20240098,2025-08-16,45.9,Progress recorded with instalment
MP20240099,2024-05-24,8.6,Progress recorded with instalment
MP20240099,2024-12-10,17.6,Progress recorded with instalment
MP20240099,2025-06-28,23.3,Progress recorded with instalment
MP20240099,2026-01-14,29.3,Progress recorded with instalment
MP20250100,2025-11-06,20.8,Progress recorded with instalment
MP20250100,2025-12-30,55.7,Progress recorded with instalment
MP20250100,2026-02-22,77.0,Progress recorded with instalment
MP20250100,2026-04-17,100.0,Progress recorded with instalment
MP20250101,2025-04-03,33.3,Progress recorded with instalment
MP20250101,2025-06-28,57.7,Progress recorded with instalment
MP20250101,2025-09-22,83.8,Progress recorded with instalment
MP20250101,2025-12-17,100.0,Progress recorded with instalment
MP20250102,2025-06-02,39.9,Progress recorded with instalment
MP20250102,2025-07-25,70.1,Progress recorded with instalment
MP20250102,2025-09-16,100.0,Progress recorded with instalment
MP20250103,2025-06-06,24.1,Progress recorded with instalment
MP20250103,2025-07-19,43.7,Progress recorded with instalment
MP20250103,2025-08-31,76.4,Progress recorded with instalment
MP20250103,2025-10-13,100.0,Progress recorded with instalment
MP20260104,2026-07-21,4.8,Progress recorded with instalment
MP20260104,2026-08-31,10.8,Progress recorded with instalment
MP20260104,2026-08-31,14.3,Progress recorded with instalment
MP20260104,2026-08-31,19.3,Progress recorded with instalment
MP20240105,2024-09-11,34.4,Progress recorded with instalment
MP20240105,2024-10-23,68.2,Progress recorded with instalment
MP20240105,2024-12-04,100.0,Progress recorded with instalment
MP20260106,2026-07-16,5.7,Progress recorded with instalment
MP20260106,2026-08-31,16.9,Progress recorded with instalment
MP20260106,2026-08-31,25.7,Progress recorded with instalment
MP20250107,2025-12-17,30.2,Progress recorded with instalment
MP20250107,2026-02-12,53.2,Progress recorded with instalment
MP20250107,2026-04-10,81.0,Progress recorded with instalment
MP20250107,2026-06-06,100.0,Progress recorded with instalment
MP20260108,2026-06-29,17.5,Progress recorded with instalment
MP20260108,2026-08-05,37.9,Progress recorded with instalment
MP20260108,2026-08-31,57.8,Progress recorded with instalment
MP20240109,2024-11-13,60.3,Progress recorded with instalment
MP20240109,2025-01-30,100.0,Progress recorded with instalment
MP20250110,2026-01-02,42.6,Progress recorded with instalment
MP20250110,2026-04-12,100.0,Progress recorded with instalment
MP20260111,2026-02-15,20.9,Progress recorded with instalment
MP20260111,2026-04-08,35.5,Progress recorded with instalment
MP20260111,2026-05-30,55.8,Progress recorded with instalment
MP20260112,2026-04-19,11.4,Progress recorded with instalment
MP20260112,2026-07-19,21.3,Progress recorded with instalment
MP20260112,2026-08-31,32.5,Progress recorded with instalment
MP20260112,2026-08-31,50.1,Progress recorded with instalment
MP20240113,2024-11-09,20.9,Progress recorded with instalment
MP20240113,2025-01-27,42.8,Progress recorded with instalment
MP20240113,2025-04-16,77.4,Progress recorded with instalment
MP20240113,2025-07-04,100.0,Progress recorded with instalment
MP20250114,2025-05-29,51.1,Progress recorded with instalment
MP20250114,2025-09-12,100.0,Progress recorded with instalment
MP20260115,2026-04-10,35.5,Progress recorded with instalment
MP20260115,2026-06-04,63.5,Progress recorded with instalment
MP20260115,2026-07-29,100.0,Progress recorded with instalment
MP20250116,2025-04-09,48.6,Progress recorded with instalment
MP20250116,2025-07-01,100.0,Progress recorded with instalment
MP20240117,2025-01-08,50.9,Progress recorded with instalment
MP20240117,2025-04-25,100.0,Progress recorded with instalment
MP20250118,2025-12-06,29.3,Progress recorded with instalment
MP20250118,2026-03-07,50.8,Progress recorded with instalment
MP20250118,2026-06-06,72.6,Progress recorded with instalment
MP20240119,2024-08-30,37.6,Progress recorded with instalment
MP20240119,2024-10-26,63.8,Progress recorded with instalment
MP20240119,2024-12-22,100.0,Progress recorded with instalment
MP20260120,2026-03-02,13.8,Progress recorded with instalment
MP20260120,2026-08-31,33.5,Progress recorded with instalment
MP20250121,2025-08-08,44.3,Progress recorded with instalment
MP20250121,2025-11-03,63.7,Progress recorded with instalment
MP20250121,2026-01-29,100.0,Progress recorded with instalment
MP20250122,2026-01-16,48.9,Progress recorded with instalment
MP20250122,2026-04-20,79.1,Progress recorded with instalment
MP20240123,2024-05-26,35.4,Progress recorded with instalment
MP20240123,2024-07-14,75.0,Progress recorded with instalment
MP20240123,2024-09-01,100.0,Progress recorded with instalment
MP20250124,2025-12-12,23.3,Progress recorded with instalment
MP20250124,2026-02-07,34.5,Progress recorded with instalment
MP20250124,2026-04-05,51.4,Progress recorded with instalment
MP20250124,2026-06-01,76.3,Progress recorded with instalment
MP20260125,2026-07-01,13.8,Progress recorded with instalment
MP20260125,2026-08-31,28.1,Progress recorded with instalment
MP20260125,2026-08-31,37.1,Progress recorded with instalment
MP20250126,2025-09-02,43.3,Progress recorded with instalment
MP20250126,2025-12-09,100.0,Progress recorded with instalment
MP20250127,2025-11-04,65.3,Progress recorded with instalment
MP20250127,2025-12-25,100.0,Progress recorded with instalment
MP20260128,2026-05-24,5.0,Progress recorded with instalment
MP20260128,2026-08-28,14.1,Progress recorded with instalment
MP20260128,2026-08-31,23.5,Progress recorded with instalment
MP20260128,2026-08-31,28.1,Progress recorded with instalment
MP20240129,2024-06-07,37.5,Progress recorded with instalment
MP20240129,2024-08-06,63.6,Progress recorded with instalment
MP20240129,2024-10-05,100.0,Progress recorded with instalment
MP20250130,2025-12-16,49.8,Progress recorded with instalment
MP20250130,2026-03-18,100.0,Progress recorded with instalment
MP20240131,2024-09-05,56.4,Progress recorded with instalment
MP20240131,2024-10-30,100.0,Progress recorded with instalment
MP20250132,2025-06-10,41.9,Progress recorded with instalment
MP20250132,2025-08-29,67.9,Progress recorded with instalment
MP20250132,2025-11-17,100.0,Progress recorded with instalment
MP20250133,2025-11-22,37.1,Progress recorded with instalment
MP20250133,2026-01-07,65.8,Progress recorded with instalment
MP20250133,2026-02-22,100.0,Progress recorded with instalment
MP20240134,2024-07-17,49.5,Progress recorded with instalment
MP20240134,2024-10-09,100.0,Progress recorded with instalment
MP20250135,2025-02-13,30.7,Progress recorded with instalment
MP20250135,2025-04-28,58.9,Progress recorded with instalment
MP20250135,2025-07-11,100.0,Progress recorded with instalment
MP20250136,2025-01-20,26.8,Progress recorded with instalment
MP20250136,2025-04-23,57.6,Progress recorded with instalment
MP20250136,2025-07-25,100.0,Progress recorded with instalment
MP20240137,2024-06-11,33.7,Progress recorded with instalment
MP20240137,2024-08-11,66.9,Progress recorded with instalment
MP20240137,2024-10-11,100.0,Progress recorded with instalment
MP20260138,2026-06-14,13.2,Progress recorded with instalment
MP20260138,2026-08-10,24.3,Progress recorded with instalment
MP20260138,2026-08-31,33.5,Progress recorded with instalment
MP20260138,2026-08-31,41.9,Progress recorded with instalment
MP20250139,2025-02-10,53.3,Progress recorded with instalment
MP20250139,2025-04-22,100.0,Progress recorded with instalment
MP20240140,2024-05-17,20.5,Progress recorded with instalment
MP20240140,2024-08-16,34.4,Progress recorded with instalment
MP20240140,2024-11-15,47.2,Progress recorded with instalment
MP20240140,2025-02-14,66.0,Progress recorded with instalment
MP20240141,2024-08-01,20.6,Progress recorded with instalment
MP20240141,2025-02-17,34.1,Progress recorded with instalment
MP20240142,2024-05-31,20.0,Progress recorded with instalment
MP20240142,2024-08-21,44.6,Progress recorded with instalment
MP20240142,2024-11-11,69.1,Progress recorded with instalment
MP20240142,2025-02-01,100.0,Progress recorded with instalment
MP20260143,2026-08-09,11.0,Progress recorded with instalment
MP20260143,2026-08-31,26.1,Progress recorded with instalment
MP20260144,2026-05-15,7.8,Progress recorded with instalment
MP20260144,2026-08-19,15.3,Progress recorded with instalment
MP20240145,2024-12-05,30.0,Progress recorded with instalment
MP20240145,2025-02-22,78.4,Progress recorded with instalment
MP20240145,2025-05-12,100.0,Progress recorded with instalment
MP20240146,2024-07-27,36.1,Progress recorded with instalment
MP20240146,2024-09-09,62.0,Progress recorded with instalment
MP20240146,2024-10-23,100.0,Progress recorded with instalment
MP20240147,2025-01-25,8.2,Progress recorded with instalment
MP20240147,2025-08-13,18.0,Progress recorded with instalment
MP20250148,2025-07-26,16.2,Progress recorded with instalment
MP20250148,2025-09-14,37.1,Progress recorded with instalment
MP20250148,2025-11-03,68.0,Progress recorded with instalment
MP20250148,2025-12-23,100.0,Progress recorded with instalment
MP20250149,2026-01-11,35.5,Progress recorded with instalment
MP20250149,2026-03-22,67.5,Progress recorded with instalment
MP20250149,2026-05-31,100.0,Progress recorded with instalment
MP20260150,2026-03-10,14.0,Progress recorded with instalment
MP20260150,2026-05-04,36.4,Progress recorded with instalment
MP20260150,2026-06-28,67.3,Progress recorded with instalment
MP20250151,2025-05-16,25.3,Progress recorded with instalment
MP20250151,2025-08-29,53.0,Progress recorded with instalment
MP20250151,2025-12-12,75.8,Progress recorded with instalment
MP20250151,2026-03-27,100.0,Progress recorded with instalment
MP20250152,2025-11-23,31.0,Progress recorded with instalment
MP20250152,2026-02-18,48.1,Progress recorded with instalment
MP20250152,2026-05-16,64.7,Progress recorded with instalment
MP20260153,2026-03-21,1.0,Progress recorded with instalment
MP20260153,2026-06-18,2.9,Progress recorded with instalment
MP20260153,2026-08-31,5.1,Progress recorded with instalment
MP20260154,2026-06-20,13.1,Progress recorded with instalment
MP20260154,2026-08-31,27.8,Progress recorded with instalment
MP20260154,2026-08-31,38.6,Progress recorded with instalment
MP20250155,2025-04-01,2.2,Progress recorded with instalment
MP20250155,2025-06-03,4.2,Progress recorded with instalment
MP20250155,2025-08-05,6.1,Progress recorded with instalment
MP20250155,2025-10-07,8.5,Progress recorded with instalment
MP20250156,2025-06-04,37.3,Progress recorded with instalment
MP20250156,2025-08-11,100.0,Progress recorded with instalment
MP20240157,2024-09-06,26.2,Progress recorded with instalment
MP20240157,2024-11-10,43.7,Progress recorded with instalment
MP20240157,2025-01-14,82.1,Progress recorded with instalment
MP20240157,2025-03-20,100.0,Progress recorded with instalment
MP20250158,2025-07-31,34.2,Progress recorded with instalment
MP20250158,2025-10-07,66.6,Progress recorded with instalment
MP20250158,2025-12-14,100.0,Progress recorded with instalment
MP20240159,2024-05-01,40.9,Progress recorded with instalment
MP20240159,2024-06-23,100.0,Progress recorded with instalment
MP20260160,2026-06-13,17.3,Progress recorded with instalment
MP20260160,2026-08-31,36.0,Progress recorded with instalment
MP20260160,2026-08-31,52.1,Progress recorded with instalment
MP20260160,2026-08-31,67.4,Progress recorded with instalment
MP20260161,2026-04-28,4.1,Progress recorded with instalment
MP20260161,2026-07-21,7.6,Progress recorded with instalment
MP20260161,2026-08-31,12.4,Progress recorded with instalment
MP20260161,2026-08-31,19.4,Progress recorded with instalment
MP20250162,2025-10-23,65.2,Progress recorded with instalment
MP20250162,2025-12-20,100.0,Progress recorded with instalment
MP20250163,2025-09-24,55.6,Progress recorded with instalment
MP20250163,2025-12-30,98.5,Progress recorded with instalment
MP20250164,2025-07-25,24.8,Progress recorded with instalment
MP20250164,2025-10-10,44.4,Progress recorded with instalment
MP20250164,2025-12-26,60.8,Progress recorded with instalment
MP20250165,2025-07-11,42.5,Progress recorded with instalment
MP20250165,2025-09-08,100.0,Progress recorded with instalment
MP20250166,2025-10-27,52.7,Progress recorded with instalment
MP20250166,2025-12-17,100.0,Progress recorded with instalment
MP20250167,2025-12-04,37.7,Progress recorded with instalment
MP20250167,2026-02-25,67.8,Progress recorded with instalment
MP20250167,2026-05-19,100.0,Progress recorded with instalment
MP20240168,2024-06-06,40.9,Progress recorded with instalment
MP20240168,2024-07-15,100.0,Progress recorded with instalment
MP20250169,2026-01-19,40.2,Progress recorded with instalment
MP20250169,2026-03-01,62.4,Progress recorded with instalment
MP20250169,2026-04-11,86.5,Progress recorded with instalment
MP20260170,2026-02-19,17.9,Progress recorded with instalment
MP20260170,2026-04-01,39.4,Progress recorded with instalment
MP20260170,2026-05-12,62.3,Progress recorded with instalment
MP20240171,2024-09-20,33.2,Progress recorded with instalment
MP20240171,2024-11-27,62.0,Progress recorded with instalment
MP20240171,2025-02-03,100.0,Progress recorded with instalment
MP20260172,2026-05-23,10.5,Progress recorded with instalment
MP20260172,2026-07-07,24.4,Progress recorded with instalment
MP20260172,2026-08-21,40.9,Progress recorded with instalment
MP20250173,2025-06-11,41.3,Progress recorded with instalment
MP20250173,2025-08-21,100.0,Progress recorded with instalment
MP20240174,2024-08-01,80.2,Progress recorded with instalment
MP20240174,2024-10-09,100.0,Progress recorded with instalment
MP20250175,2025-05-16,29.0,Progress recorded with instalment
MP20250175,2025-08-10,71.9,Progress recorded with instalment
MP20250175,2025-11-04,100.0,Progress recorded with instalment
MP20250176,2025-03-27,27.5,Progress recorded with instalment
MP20250176,2025-06-24,66.5,Progress recorded with instalment
MP20250176,2025-09-21,100.0,Progress recorded with instalment
MP20240177,2024-07-08,23.0,Progress recorded with instalment
MP20240177,2024-10-22,61.8,Progress recorded with instalment
MP20240177,2025-02-05,100.0,Progress recorded with instalment
MP20240178,2024-10-18,66.0,Progress recorded with instalment
MP20240178,2024-12-07,100.0,Progress recorded with instalment
MP20260179,2026-03-28,29.3,Progress recorded with instalment
MP20260179,2026-07-14,46.2,Progress recorded with instalment
MP20260179,2026-08-31,73.8,Progress recorded with instalment
MP20260179,2026-08-31,91.1,Progress recorded with instalment
MP20240180,2024-07-31,37.5,Progress recorded with instalment
MP20240180,2024-10-05,71.9,Progress recorded with instalment
MP20240180,2024-12-10,100.0,Progress recorded with instalment
MP20240181,2024-05-24,50.6,Progress recorded with instalment
MP20240181,2024-08-13,86.0,Progress recorded with instalment
MP20240182,2024-10-29,51.2,Progress recorded with instalment
MP20240182,2025-02-04,100.0,Progress recorded with instalment
MP20240183,2024-04-15,4.7,Progress recorded with instalment
MP20240183,2024-05-31,8.9,Progress recorded with instalment
MP20240183,2024-07-16,11.4,Progress recorded with instalment
MP20240183,2024-08-31,16.9,Progress recorded with instalment
MP20250184,2025-12-10,2.9,Progress recorded with instalment
MP20250184,2026-01-26,4.9,Progress recorded with instalment
MP20260185,2026-03-03,12.9,Progress recorded with instalment
MP20260185,2026-05-22,28.3,Progress recorded with instalment
MP20260185,2026-08-10,44.6,Progress recorded with instalment
MP20250186,2025-04-10,33.0,Progress recorded with instalment
MP20250186,2025-06-12,55.9,Progress recorded with instalment
MP20250186,2025-08-14,76.1,Progress recorded with instalment
MP20250186,2025-10-16,100.0,Progress recorded with instalment
MP20250187,2025-08-04,41.4,Progress recorded with instalment
MP20250187,2025-10-10,69.8,Progress recorded with instalment
MP20250187,2025-12-16,100.0,Progress recorded with instalment
MP20240188,2024-11-10,30.9,Progress recorded with instalment
MP20240188,2025-02-06,69.4,Progress recorded with instalment
MP20240188,2025-05-05,100.0,Progress recorded with instalment
MP20260189,2026-06-15,33.3,Progress recorded with instalment
MP20260189,2026-07-23,64.9,Progress recorded with instalment
MP20260190,2026-07-23,7.8,Progress recorded with instalment
MP20260190,2026-08-31,17.2,Progress recorded with instalment
MP20240191,2024-10-11,35.3,Progress recorded with instalment
MP20240191,2024-12-13,74.7,Progress recorded with instalment
MP20240191,2025-02-14,100.0,Progress recorded with instalment
MP20260192,2026-08-30,2.8,Progress recorded with instalment
MP20260192,2026-08-31,7.9,Progress recorded with instalment
MP20250193,2025-08-12,17.2,Progress recorded with instalment
MP20250193,2025-11-27,52.7,Progress recorded with instalment
MP20250193,2026-03-14,74.9,Progress recorded with instalment
MP20250193,2026-06-29,100.0,Progress recorded with instalment
MP20250194,2025-04-01,23.7,Progress recorded with instalment
MP20250194,2025-07-07,56.7,Progress recorded with instalment
MP20250194,2025-10-12,78.4,Progress recorded with instalment
MP20250194,2026-01-17,100.0,Progress recorded with instalment
MP20240195,2024-04-25,52.0,Progress recorded with instalment
MP20240195,2024-06-03,100.0,Progress recorded with instalment
MP20250196,2025-08-13,73.0,Progress recorded with instalment
MP20250196,2025-10-14,100.0,Progress recorded with instalment
MP20260197,2026-08-07,1.9,Progress recorded with instalment
MP20260197,2026-08-31,4.0,Progress recorded with instalment
MP20260197,2026-08-31,6.3,Progress recorded with instalment
MP20260197,2026-08-31,8.7,Progress recorded with instalment
MP20240198,2025-01-28,58.7,Progress recorded with instalment
MP20240198,2025-05-11,100.0,Progress recorded with instalment
MP20240199,2024-11-21,24.9,Progress recorded with instalment
MP20240199,2024-12-29,55.6,Progress recorded with instalment
MP20240199,2025-02-05,74.5,Progress recorded with instalment
MP20240199,2025-03-15,100.0,Progress recorded with instalment
MP20250200,2025-12-28,14.9,Progress recorded with instalment
MP20250200,2026-03-17,24.3,Progress recorded with instalment
MP20250200,2026-06-04,34.8,Progress recorded with instalment
MP20250200,2026-08-22,53.0,Progress recorded with instalment
MP20240201,2024-12-05,43.7,Progress recorded with instalment
MP20240201,2025-01-22,67.6,Progress recorded with instalment
MP20240201,2025-03-11,100.0,Progress recorded with instalment
MP20240202,2024-08-04,17.9,Progress recorded with instalment
MP20240202,2024-11-07,37.0,Progress recorded with instalment
MP20240202,2025-02-10,63.0,Progress recorded with instalment
MP20240202,2025-05-16,92.0,Progress recorded with instalment
MP20250203,2026-01-20,29.5,Progress recorded with instalment
MP20250203,2026-04-03,60.5,Progress recorded with instalment
MP20250203,2026-06-15,79.8,Progress recorded with instalment
MP20250203,2026-08-27,100.0,Progress recorded with instalment
MP20240204,2024-04-24,27.4,Progress recorded with instalment
MP20240204,2024-07-05,57.3,Progress recorded with instalment
MP20240204,2024-09-15,83.7,Progress recorded with instalment
MP20240204,2024-11-26,100.0,Progress recorded with instalment
MP20250205,2025-10-11,43.0,Progress recorded with instalment
MP20250205,2025-11-28,91.9,Progress recorded with instalment
MP20250206,2025-03-02,32.5,Progress recorded with instalment
MP20250206,2025-05-02,62.2,Progress recorded with instalment
MP20250206,2025-07-02,100.0,Progress recorded with instalment
MP20250207,2025-02-13,1.0,Progress recorded with instalment
MP20250207,2025-05-03,1.9,Progress recorded with instalment
MP20250207,2025-07-21,3.2,Progress recorded with instalment
MP20240208,2024-05-29,28.2,Progress recorded with instalment
MP20240208,2024-09-12,50.8,Progress recorded with instalment
MP20240208,2024-12-27,78.3,Progress recorded with instalment
MP20240208,2025-04-12,100.0,Progress recorded with instalment
MP20250209,2025-08-24,51.5,Progress recorded with instalment
MP20250209,2025-10-23,100.0,Progress recorded with instalment
MP20240210,2024-06-03,25.3,Progress recorded with instalment
MP20240210,2024-07-25,45.4,Progress recorded with instalment
MP20240210,2024-09-15,74.1,Progress recorded with instalment
MP20240210,2024-11-06,100.0,Progress recorded with instalment
MP20240211,2024-06-14,83.7,Progress recorded with instalment
MP20240211,2024-08-02,100.0,Progress recorded with instalment
MP20240212,2024-10-15,40.3,Progress recorded with instalment
MP20240212,2025-01-25,100.0,Progress recorded with instalment
MP20240213,2024-11-19,28.7,Progress recorded with instalment
MP20240213,2025-01-20,58.9,Progress recorded with instalment
MP20240213,2025-03-23,100.0,Progress recorded with instalment
MP20250214,2025-02-28,46.1,Progress recorded with instalment
MP20250214,2025-04-09,100.0,Progress recorded with instalment
MP20240215,2024-09-29,38.6,Progress recorded with instalment
MP20240215,2024-11-24,100.0,Progress recorded with instalment
MP20250216,2025-06-22,21.9,Progress recorded with instalment
MP20250216,2025-10-10,41.5,Progress recorded with instalment
MP20250216,2026-01-28,72.6,Progress recorded with instalment
MP20240217,2025-01-03,40.3,Progress recorded with instalment
MP20240217,2025-04-06,100.0,Progress recorded with instalment
MP20240218,2024-08-21,3.1,Progress recorded with instalment
MP20240218,2025-03-09,9.2,Progress recorded with instalment
MP20240218,2025-09-25,14.2,Progress recorded with instalment
MP20240218,2026-04-13,19.8,Progress recorded with instalment
MP20250219,2025-07-10,43.8,Progress recorded with instalment
MP20250219,2025-09-04,100.0,Progress recorded with instalment
MP20250220,2025-02-21,31.5,Progress recorded with instalment
MP20250220,2025-05-14,51.4,Progress recorded with instalment
MP20250220,2025-08-04,78.0,Progress recorded with instalment
MP20250220,2025-10-25,100.0,Progress recorded with instalment
MP20250221,2025-10-02,17.4,Progress recorded with instalment
MP20250221,2025-11-21,45.1,Progress recorded with instalment
MP20250221,2026-01-10,63.1,Progress recorded with instalment
MP20250221,2026-03-01,83.7,Progress recorded with instalment
MP20250222,2025-07-02,49.1,Progress recorded with instalment
MP20250222,2025-10-08,75.1,Progress recorded with instalment
MP20250222,2026-01-14,100.0,Progress recorded with instalment
MP20250223,2025-11-16,23.5,Progress recorded with instalment
MP20250223,2026-02-20,63.2,Progress recorded with instalment
MP20250223,2026-05-27,100.0,Progress recorded with instalment
MP20250224,2025-03-01,82.7,Progress recorded with instalment
MP20250224,2025-05-01,100.0,Progress recorded with instalment
MP20240225,2024-12-10,41.3,Progress recorded with instalment
MP20240225,2025-03-07,75.5,Progress recorded with instalment
MP20240225,2025-06-02,100.0,Progress recorded with instalment
MP20240226,2024-08-05,37.1,Progress recorded with instalment
MP20240226,2024-09-10,72.3,Progress recorded with instalment
MP20240226,2024-10-16,100.0,Progress recorded with instalment
MP20250227,2026-02-04,34.0,Progress recorded with instalment
MP20250227,2026-03-23,52.5,Progress recorded with instalment
MP20250227,2026-05-09,77.6,Progress recorded with instalment
MP20240228,2024-12-24,91.4,Progress recorded with instalment
MP20240228,2025-01-28,100.0,Progress recorded with instalment
MP20240229,2024-09-01,50.5,Progress recorded with instalment
MP20240229,2024-10-21,100.0,Progress recorded with instalment
MP20240230,2024-09-26,38.3,Progress recorded with instalment
MP20240230,2024-11-04,71.9,Progress recorded with instalment
MP20240230,2024-12-13,100.0,Progress recorded with instalment
MP20240231,2024-07-20,53.6,Progress recorded with instalment
MP20240231,2024-10-02,100.0,Progress recorded with instalment
MP20240232,2024-05-02,29.9,Progress recorded with instalment
MP20240232,2024-06-18,57.6,Progress recorded with instalment
MP20240232,2024-08-04,82.5,Progress recorded with instalment
MP20240232,2024-09-20,100.0,Progress recorded with instalment
MP20250233,2025-04-13,22.3,Progress recorded with instalment
MP20250233,2025-07-24,51.3,Progress recorded with instalment
MP20250233,2025-11-03,68.9,Progress recorded with instalment
MP20250233,2026-02-13,100.0,Progress recorded with instalment
MP20250234,2025-12-27,24.5,Progress recorded with instalment
MP20250234,2026-03-24,50.8,Progress recorded with instalment
MP20250234,2026-06-19,76.9,Progress recorded with instalment
MP20250234,2026-08-31,100.0,Progress recorded with instalment
MP20250235,2025-04-18,30.6,Progress recorded with instalment
MP20250235,2025-08-05,55.1,Progress recorded with instalment
MP20250235,2025-11-22,75.7,Progress recorded with instalment
MP20250235,2026-03-11,100.0,Progress recorded with instalment
MP20250236,2025-08-29,32.8,Progress recorded with instalment
MP20250236,2025-12-17,67.0,Progress recorded with instalment
MP20250236,2026-04-06,100.0,Progress recorded with instalment
MP20240237,2024-12-31,45.5,Progress recorded with instalment
MP20240237,2025-03-16,100.0,Progress recorded with instalment
MP20240238,2024-10-05,59.0,Progress recorded with instalment
MP20240238,2025-01-19,100.0,Progress recorded with instalment
MP20250239,2025-08-12,49.0,Progress recorded with instalment
MP20250239,2025-11-17,100.0,Progress recorded with instalment
MP20250240,2025-04-21,14.9,Progress recorded with instalment
MP20250240,2025-06-15,29.4,Progress recorded with instalment
MP20250240,2025-08-09,41.3,Progress recorded with instalment
MP20250240,2025-10-03,55.8,Progress recorded with instalment
MP20240241,2024-06-09,41.8,Progress recorded with instalment
MP20240241,2024-07-30,73.3,Progress recorded with instalment
MP20240241,2024-09-19,100.0,Progress recorded with instalment
MP20250242,2026-01-08,17.9,Progress recorded with instalment
MP20250242,2026-02-20,38.4,Progress recorded with instalment
MP20250242,2026-04-04,52.7,Progress recorded with instalment
MP20250242,2026-05-17,70.4,Progress recorded with instalment
MP20250243,2025-07-11,28.3,Progress recorded with instalment
MP20250243,2025-09-11,43.6,Progress recorded with instalment
MP20250243,2025-11-12,72.4,Progress recorded with instalment
MP20250243,2026-01-13,100.0,Progress recorded with instalment
MP20240244,2024-09-03,51.9,Progress recorded with instalment
MP20240244,2024-10-24,100.0,Progress recorded with instalment
MP20240245,2024-08-23,30.8,Progress recorded with instalment
MP20240245,2024-11-18,59.7,Progress recorded with instalment
MP20240245,2025-02-13,100.0,Progress recorded with instalment
MP20240246,2024-05-14,37.7,Progress recorded with instalment
MP20240246,2024-06-22,100.0,Progress recorded with instalment
MP20240247,2024-05-28,34.6,Progress recorded with instalment
MP20240247,2024-08-16,64.2,Progress recorded with instalment
MP20240247,2024-11-04,100.0,Progress recorded with instalment
MP20240248,2024-09-30,91.4,Progress recorded with instalment
MP20240248,2025-01-02,100.0,Progress recorded with instalment
MP20260249,2026-07-08,7.4,Progress recorded with instalment
MP20260249,2026-08-21,14.3,Progress recorded with instalment
MP20260249,2026-08-31,18.5,Progress recorded with instalment
MP20260249,2026-08-31,23.4,Progress recorded with instalment
MP20250250,2025-08-29,17.7,Progress recorded with instalment
MP20250250,2025-11-28,40.2,Progress recorded with instalment
MP20250250,2026-02-27,59.3,Progress recorded with instalment
MP20250250,2026-05-29,89.4,Progress recorded with instalment
MP20250251,2025-10-02,37.3,Progress recorded with instalment
MP20250251,2025-11-29,67.5,Progress recorded with instalment
MP20250251,2026-01-26,100.0,Progress recorded with instalment
MP20250252,2025-11-19,4.1,Progress recorded with instalment
MP20250252,2026-06-07,8.9,Progress recorded with instalment
MP20250252,2026-08-31,15.1,Progress recorded with instalment
MP20250253,2025-04-12,87.0,Progress recorded with instalment
MP20250253,2025-07-15,100.0,Progress recorded with instalment
MP20260254,2026-06-11,9.8,Progress recorded with instalment
MP20260254,2026-08-11,23.7,Progress recorded with instalment
MP20260254,2026-08-31,40.0,Progress recorded with instalment
MP20250255,2025-02-03,93.5,Progress recorded with instalment
MP20250255,2025-05-09,100.0,Progress recorded with instalment
MP20260256,2026-07-02,8.4,Progress recorded with instalment
MP20260256,2026-08-31,16.2,Progress recorded with instalment
MP20240257,2024-11-26,28.9,Progress recorded with instalment
MP20240257,2025-02-05,45.8,Progress recorded with instalment
MP20240257,2025-04-17,75.4,Progress recorded with instalment
MP20240257,2025-06-27,100.0,Progress recorded with instalment
MP20260258,2026-01-16,21.0,Progress recorded with instalment
MP20260258,2026-04-22,58.4,Progress recorded with instalment
MP20260258,2026-07-27,100.0,Progress recorded with instalment
MP20250259,2025-04-07,27.7,Progress recorded with instalment
MP20250259,2025-06-17,47.9,Progress recorded with instalment
MP20250259,2025-08-27,81.2,Progress recorded with instalment
MP20250259,2025-11-06,100.0,Progress recorded with instalment
MP20260260,2026-03-21,4.2,Progress recorded with instalment
MP20260260,2026-06-21,8.7,Progress recorded with instalment
MP20260260,2026-08-31,12.7,Progress recorded with instalment
MP20260260,2026-08-31,17.8,Progress recorded with instalment
MP20240261,2024-06-12,45.4,Progress recorded with instalment
MP20240261,2024-07-17,69.2,Progress recorded with instalment
MP20240261,2024-08-21,100.0,Progress recorded with instalment
MP20250262,2025-08-19,76.9,Progress recorded with instalment
MP20250262,2025-10-12,100.0,Progress recorded with instalment
MP20240263,2024-12-29,13.6,Progress recorded with instalment
MP20240263,2025-02-19,39.0,Progress recorded with instalment
MP20240263,2025-04-12,69.0,Progress recorded with instalment
MP20240263,2025-06-03,100.0,Progress recorded with instalment
MP20250264,2026-01-10,9.1,Progress recorded with instalment
MP20250264,2026-03-09,27.2,Progress recorded with instalment
MP20250264,2026-05-06,43.6,Progress recorded with instalment
MP20250264,2026-07-03,57.0,Progress recorded with instalment
MP20260265,2026-03-07,15.0,Progress recorded with instalment
MP20260265,2026-05-03,29.7,Progress recorded with instalment
MP20260265,2026-06-29,43.8,Progress recorded with instalment
MP20260265,2026-08-25,57.1,Progress recorded with instalment
MP20240266,2024-09-25,20.3,Progress recorded with instalment
MP20240266,2025-01-04,49.1,Progress recorded with instalment
MP20240266,2025-04-15,71.1,Progress recorded with instalment
MP20240266,2025-07-25,100.0,Progress recorded with instalment
MP20240267,2024-06-05,23.4,Progress recorded with instalment
MP20240267,2024-09-23,42.5,Progress recorded with instalment
MP20240267,2025-01-11,76.3,Progress recorded with instalment
MP20240267,2025-05-01,100.0,Progress recorded with instalment
MP20250268,2025-11-22,43.9,Progress recorded with instalment
MP20250268,2026-01-09,82.5,Progress recorded with instalment
MP20260269,2026-03-06,31.9,Progress recorded with instalment
MP20260269,2026-06-14,79.8,Progress recorded with instalment
MP20240270,2024-05-28,18.8,Progress recorded with instalment
MP20240270,2024-08-08,39.0,Progress recorded with instalment
MP20240270,2024-10-19,71.5,Progress recorded with instalment
MP20240270,2024-12-30,100.0,Progress recorded with instalment
MP20250271,2025-02-21,34.9,Progress recorded with instalment
MP20250271,2025-05-23,55.0,Progress recorded with instalment
MP20250271,2025-08-22,81.8,Progress recorded with instalment
MP20250271,2025-11-21,100.0,Progress recorded with instalment
MP20240272,2024-08-09,25.2,Progress recorded with instalment
MP20240272,2024-10-07,59.4,Progress recorded with instalment
MP20240272,2024-12-05,83.4,Progress recorded with instalment
MP20250273,2026-01-13,24.9,Progress recorded with instalment
MP20250273,2026-03-08,62.0,Progress recorded with instalment
MP20250273,2026-05-01,100.0,Progress recorded with instalment
MP20240274,2024-03-29,27.5,Progress recorded with instalment
MP20240274,2024-06-15,46.1,Progress recorded with instalment
MP20240274,2024-09-01,79.5,Progress recorded with instalment
MP20240274,2024-11-18,100.0,Progress recorded with instalment
MP20240275,2024-05-15,19.5,Progress recorded with instalment
MP20240275,2024-07-19,57.3,Progress recorded with instalment
MP20240276,2024-11-11,23.9,Progress recorded with instalment
MP20240276,2025-01-29,49.5,Progress recorded with instalment
MP20240276,2025-04-18,72.8,Progress recorded with instalment
MP20240276,2025-07-06,100.0,Progress recorded with instalment
MP20250277,2025-03-02,25.3,Progress recorded with instalment
MP20250277,2025-06-16,43.6,Progress recorded with instalment
MP20250277,2025-09-30,71.4,Progress recorded with instalment
MP20250277,2026-01-14,100.0,Progress recorded with instalment
MP20240278,2024-07-26,6.8,Progress recorded with instalment
MP20240278,2025-02-11,19.7,Progress recorded with instalment
MP20240278,2025-08-30,28.8,Progress recorded with instalment
MP20240278,2026-03-18,41.7,Progress recorded with instalment
MP20250279,2025-04-26,46.2,Progress recorded with instalment
MP20250279,2025-07-09,100.0,Progress recorded with instalment
MP20260280,2026-08-08,24.5,Initial progress report
MP20260281,2026-03-07,14.8,Initial progress report
MP20240282,2024-09-16,48.4,Initial progress report
MP20240283,2025-01-20,49.6,Initial progress report
MP20260284,2026-03-31,31.9,Initial progress report
MP20250285,2025-11-23,49.4,Initial progress report
MP20250286,2025-03-30,21.1,Initial progress report
MP20260287,2026-04-23,18.3,Initial progress report
MP20250288,2026-01-08,53.8,Initial progress report
