Work ID,Work Description,State,District,Constituency,Work Category,Implementing Agency,Sanctioned Amount,Expenditure,Physical Progress (%),Date of Sanction,Expected Completion Date,Actual Completion Date,Work Status
MPL-10427,Construction of community hall at Wadgaon Sheri,Maharashtra,Pune,Pune,Community infrastructure,Zilla Parishad Works Division,9850000,9100000,22,2024-10-23,2026-01-16,,In progress
MPL-10904,Construction of community hall at Wadgaon Sheri village,Maharashtra,Pune,Pune,Community infrastructure,Panchayat Samiti,4200000,1050000,35,2025-07-20,2026-11-12,,In progress
MPL-11000,Ambulance shelter at Melur,Maharashtra,Pune,Pune,Health,Municipal Corporation,6499000.0,3038000.0,30,2024-04-03,2025-04-08,,In progress
MPL-11001,Library block at school in Ramnagar,Karnataka,Belagavi,Belgaum,Education,Public Works Department,4864000.0,5107000.0,100,2024-08-10,2025-04-30,2025-04-04,Completed
MPL-11002,Library block at school in Hirekop,Tamil Nadu,Madurai,Madurai,Education,Panchayat Samiti,3047000.0,1683000.0,45,2026-04-22,2027-09-26,,Completed
MPL-11003,Repair of approach road at Ramnagar,Tamil Nadu,Madurai,Madurai,Roads and connectivity,Rural Development Agency,6347000.0,6664000.0,100,2024-07-08,2025-06-03,2025-07-22,Completed
MPL-11004,Extension of panchayat bhavan at Ramnagar,Karnataka,Belagavi,Belgaum,Community infrastructure,Public Works Department,5318000.0,5584000.0,100,2026-01-12,2026-11-18,2026-10-12,Completed
MPL-11005,Construction of community hall at Khed,Karnataka,Belagavi,Belgaum,Community infrastructure,Municipal Corporation,5736000.0,1564000.0,30,2024-08-12,2025-02-09,,Completed
MPL-11006,Additional classrooms at school in Baner,Uttar Pradesh,Varanasi,Varanasi,Education,Panchayat Samiti,1462000.0,884000.0,45,2024-07-18,2025-05-24,,In progress
MPL-11007,Concrete road from Mundhwa to main road,Uttar Pradesh,Varanasi,Varanasi,Roads and connectivity,Zilla Parishad Works Division,2705000.0,2315000.0,100,2025-03-23,2026-07-05,2026-06-24,Completed
MPL-11008,Library block at school in Wadgaon Sheri,Maharashtra,Pune,Pune,Education,Municipal Corporation,4832000.0,3827000.0,90,2025-11-17,2027-05-01,,Sanctioned
MPL-11009,Borewell with pump house at Wadgaon Sheri,Maharashtra,Pune,Pune,Drinking water,Zilla Parishad Works Division,813000.0,745000.0,100,2026-03-19,2027-06-09,2027-06-30,Completed
MPL-11010,Construction of community hall at Baner,Uttar Pradesh,Varanasi,Varanasi,Community infrastructure,Rural Development Agency,3535000.0,3355000.0,75,2025-01-10,2025-08-09,,In progress
MPL-11011,Sub-centre building at Baner,Karnataka,Belagavi,Belgaum,Health,Public Works Department,6525000.0,6851000.0,100,2024-12-27,2026-05-11,2026-07-20,Completed
MPL-11012,Bus shelter at Ramnagar,Uttar Pradesh,Varanasi,Varanasi,Public amenities,Rural Development Agency,919000.0,956000.0,90,2024-06-14,2025-11-19,,Sanctioned
MPL-11013,Construction of community hall at Hirekop,Maharashtra,Nashik,Dindori,Community infrastructure,Rural Development Agency,2971000.0,2947000.0,100,2026-02-08,2026-08-16,2026-08-23,Completed
MPL-11014,Extension of panchayat bhavan at Ambegaon,Maharashtra,Nashik,Dindori,Community infrastructure,Municipal Corporation,3355000.0,3042000.0,100,2025-06-29,2026-01-07,2026-02-01,Completed
MPL-11015,Concrete road from Sinnar to main road,Bihar,Gaya,Gaya,Roads and connectivity,Rural Development Agency,4077000.0,3983000.0,100,2025-06-19,2026-06-22,2026-05-21,Completed
MPL-11016,Library block at school in Baner,Bihar,Gaya,Gaya,Education,Public Works Department,1877000.0,1748000.0,100,2024-10-30,2026-01-25,2026-01-31,Completed
MPL-11017,Sub-centre building at Melur,Maharashtra,Pune,Pune,Health,Rural Development Agency,5989000.0,2450000.0,45,2025-08-22,2026-10-31,,Stalled
MPL-11018,Repair of approach road at Khed,Uttar Pradesh,Varanasi,Varanasi,Roads and connectivity,Panchayat Samiti,8865000.0,0.0,0,2024-05-28,2024-12-06,,Sanctioned
MPL-11019,Ambulance shelter at Khed,Bihar,Gaya,Gaya,Health,Zilla Parishad Works Division,5255000.0,4477000.0,90,2025-06-02,2026-02-28,,Stalled
MPL-11020,Borewell with pump house at Kothrud,Tamil Nadu,Madurai,Madurai,Drinking water,Public Works Department,2493000.0,1549000.0,60,2026-01-14,2027-02-01,,Sanctioned
MPL-11021,Solar street lights at Melur,Karnataka,Belagavi,Belgaum,Public amenities,Panchayat Samiti,1649000.0,923000.0,45,2024-06-20,2025-09-13,,Completed
MPL-11022,Overhead water tank at Khed,Karnataka,Belagavi,Belgaum,Drinking water,Rural Development Agency,3404000.0,2255000.0,75,2026-04-02,2026-11-11,,Completed
MPL-11023,Extension of panchayat bhavan at Mundhwa,Tamil Nadu,Madurai,Madurai,Community infrastructure,Zilla Parishad Works Division,1911000.0,1332000.0,60,2024-05-13,2025-03-24,,Stalled
MPL-11024,Concrete road from Bodh Gaya to main road,Karnataka,Belagavi,Belgaum,Roads and connectivity,Rural Development Agency,5132000.0,2328000.0,45,2026-02-05,2027-05-07,,In progress
MPL-11025,Library block at school in Kothrud,Maharashtra,Nashik,Dindori,Education,Zilla Parishad Works Division,4764000.0,149000.0,0,2025-03-09,2026-08-27,,Stalled
MPL-11026,Library block at school in Sinnar,Maharashtra,Pune,Pune,Education,Public Works Department,5342000.0,2449000.0,60,2026-07-13,2027-11-17,,Sanctioned
MPL-11027,Additional classrooms at school in Kothrud,Karnataka,Belagavi,Belgaum,Education,Public Works Department,3087000.0,2167000.0,75,2026-07-09,2027-02-13,,Completed
MPL-11028,Concrete road from Baner to main road,Maharashtra,Pune,Pune,Roads and connectivity,Municipal Corporation,2261000.0,1205000.0,60,2026-04-02,2027-04-05,,Sanctioned
MPL-11029,Ambulance shelter at Bodh Gaya,Tamil Nadu,Madurai,Madurai,Health,Public Works Department,4743000.0,0.0,5,2025-02-25,2026-07-22,,Completed
MPL-11030,Overhead water tank at Mundhwa,Tamil Nadu,Madurai,Madurai,Drinking water,Public Works Department,3845000.0,34000.0,15,2025-05-23,2026-09-16,,Sanctioned
MPL-11031,Sub-centre building at Wadgaon Sheri,Maharashtra,Pune,Pune,Health,Municipal Corporation,2104000.0,568000.0,15,2025-02-04,2025-11-29,,In progress
MPL-11032,Extension of panchayat bhavan at Mundhwa,Bihar,Gaya,Gaya,Community infrastructure,Zilla Parishad Works Division,1605000.0,1136000.0,60,2026-06-30,2027-12-07,,Completed
MPL-11033,Additional classrooms at school in Sinnar,Karnataka,Belagavi,Belgaum,Education,Public Works Department,4391000.0,1599000.0,30,2025-03-09,2026-07-24,,Sanctioned
MPL-11034,Overhead water tank at Kothrud,Maharashtra,Pune,Pune,Drinking water,Panchayat Samiti,2991000.0,659000.0,30,2025-08-28,2027-01-30,,Stalled
MPL-11035,Extension of panchayat bhavan at Melur,Uttar Pradesh,Varanasi,Varanasi,Community infrastructure,Panchayat Samiti,2073000.0,2074000.0,90,2025-04-30,2026-01-27,,In progress
MPL-11036,Borewell with pump house at Bodh Gaya,Karnataka,Belagavi,Belgaum,Drinking water,Panchayat Samiti,3208000.0,220000.0,15,2025-04-07,2026-04-18,,In progress
MPL-11037,Additional classrooms at school in Khed,Tamil Nadu,Madurai,Madurai,Education,Zilla Parishad Works Division,5462000.0,3955000.0,60,2024-11-23,2025-06-29,,Completed
MPL-11038,Concrete road from Chunar to main road,Karnataka,Belagavi,Belgaum,Roads and connectivity,Rural Development Agency,7547000.0,5360000.0,60,2025-05-13,2025-11-21,,Sanctioned
MPL-11039,Concrete road from Sinnar to main road,Karnataka,Belagavi,Belgaum,Roads and connectivity,Rural Development Agency,7183000.0,0.0,5,2024-09-18,2026-01-25,,Sanctioned
MPL-11040,Borewell with pump house at Kothrud,Karnataka,Belagavi,Belgaum,Drinking water,Municipal Corporation,3747000.0,744000.0,15,2026-03-27,2026-11-06,,Stalled
MPL-11041,Overhead water tank at Hirekop,Karnataka,Belagavi,Belgaum,Drinking water,Rural Development Agency,1711000.0,351000.0,15,2026-04-18,2026-11-19,,In progress
MPL-11042,Repair of approach road at Kothrud,Uttar Pradesh,Varanasi,Varanasi,Roads and connectivity,Public Works Department,5974000.0,897000.0,15,2024-07-24,2025-05-13,,Sanctioned
MPL-11043,Solar street lights at Wadgaon Sheri,Tamil Nadu,Madurai,Madurai,Public amenities,Rural Development Agency,1654000.0,183000.0,5,2026-01-31,2027-02-07,,In progress
MPL-11044,Sub-centre building at Mundhwa,Uttar Pradesh,Varanasi,Varanasi,Health,Panchayat Samiti,2679000.0,1175000.0,45,2025-01-02,2026-06-02,,Stalled
MPL-11045,Sub-centre building at Chunar,Karnataka,Belagavi,Belgaum,Health,Zilla Parishad Works Division,5549000.0,757000.0,0,2025-05-18,2026-01-28,,In progress
MPL-11046,Library block at school in Ambegaon,Bihar,Gaya,Gaya,Education,Panchayat Samiti,3651000.0,260000.0,15,2024-12-20,2026-04-16,,In progress
MPL-11047,Repair of approach road at Wadgaon Sheri,Bihar,Gaya,Gaya,Roads and connectivity,Public Works Department,7885000.0,5376000.0,60,2024-06-19,2025-09-21,,Stalled
MPL-11048,Concrete road from Chunar to main road,Tamil Nadu,Madurai,Madurai,Roads and connectivity,Rural Development Agency,6339000.0,3793000.0,45,2026-04-13,2027-01-07,,In progress
MPL-11049,Overhead water tank at Kothrud,Karnataka,Belagavi,Belgaum,Drinking water,Municipal Corporation,2484000.0,240000.0,15,2026-02-28,2026-09-27,,Completed
MPL-11050,Overhead water tank at Bodh Gaya,Karnataka,Belagavi,Belgaum,Drinking water,Panchayat Samiti,2133000.0,2224000.0,100,2024-12-25,2026-05-24,2026-05-21,Completed
MPL-11051,Additional classrooms at school in Sinnar,Maharashtra,Nashik,Dindori,Education,Public Works Department,2942000.0,646000.0,30,2024-08-10,2025-12-20,,Stalled
MPL-11052,Solar street lights at Khed,Maharashtra,Nashik,Dindori,Public amenities,Zilla Parishad Works Division,1024000.0,997000.0,90,2024-09-28,2025-03-27,,Completed
MPL-11053,Concrete road from Kothrud to main road,Uttar Pradesh,Varanasi,Varanasi,Roads and connectivity,Rural Development Agency,4377000.0,3975000.0,75,2025-11-09,2026-09-16,,In progress
MPL-11054,Borewell with pump house at Hirekop,Maharashtra,Nashik,Dindori,Drinking water,Public Works Department,3494000.0,2883000.0,90,2024-08-05,2026-01-27,,Stalled
MPL-11055,Concrete road from Khed to main road,Uttar Pradesh,Varanasi,Varanasi,Roads and connectivity,Rural Development Agency,8852000.0,3578000.0,45,2025-10-06,2026-04-25,,Sanctioned
MPL-11056,Additional classrooms at school in Khed,Uttar Pradesh,Varanasi,Varanasi,Education,Zilla Parishad Works Division,3128000.0,2773000.0,100,2024-09-18,2025-05-30,2025-06-21,Completed
MPL-11057,Solar street lights at Bodh Gaya,Bihar,Gaya,Gaya,Public amenities,Zilla Parishad Works Division,1126000.0,498000.0,30,2025-09-16,2026-08-22,,In progress
MPL-11058,Construction of community hall at Chunar,Maharashtra,Pune,Pune,Community infrastructure,Municipal Corporation,5986000.0,1230000.0,30,2025-12-20,2026-08-18,,Completed
MPL-11059,Bus shelter at Mundhwa,Bihar,Gaya,Gaya,Public amenities,Zilla Parishad Works Division,607000.0,366000.0,60,2025-01-02,2026-06-26,,Sanctioned
MPL-11060,Overhead water tank at Hirekop,Karnataka,Belagavi,Belgaum,Drinking water,Zilla Parishad Works Division,1704000.0,630000.0,30,2025-05-19,2026-09-02,,Stalled
MPL-11061,Solar street lights at Ambegaon,Tamil Nadu,Madurai,Madurai,Public amenities,Rural Development Agency,1633000.0,1248000.0,75,2024-08-20,2025-12-20,,Stalled
MPL-11062,Repair of approach road at Hirekop,Maharashtra,Nashik,Dindori,Roads and connectivity,Zilla Parishad Works Division,5614000.0,1112000.0,5,2026-01-24,2027-03-15,,In progress
MPL-11063,Borewell with pump house at Ramnagar,Maharashtra,Pune,Pune,Drinking water,Public Works Department,2729000.0,640000.0,5,2025-07-20,2026-03-23,,Sanctioned
MPL-11064,Borewell with pump house at Baner,Maharashtra,Pune,Pune,Drinking water,Public Works Department,3815000.0,1427000.0,30,2024-07-03,2025-10-15,,Sanctioned
MPL-11065,Solar street lights at Chunar,Karnataka,Belagavi,Belgaum,Public amenities,Public Works Department,1886000.0,1741000.0,75,2025-05-15,2026-09-12,,Stalled
MPL-11066,Sub-centre building at Khed,Uttar Pradesh,Varanasi,Varanasi,Health,Rural Development Agency,2551000.0,659000.0,30,2025-09-26,2026-05-23,,In progress
MPL-11067,Borewell with pump house at Wadgaon Sheri,Maharashtra,Pune,Pune,Drinking water,Panchayat Samiti,3611000.0,2491000.0,60,2026-07-01,2027-11-11,,Completed
MPL-11068,Library block at school in Ramnagar,Tamil Nadu,Madurai,Madurai,Education,Panchayat Samiti,1381000.0,1450000.0,100,2024-05-20,2025-07-11,2025-06-05,Completed
MPL-11069,Sub-centre building at Mundhwa,Maharashtra,Nashik,Dindori,Health,Rural Development Agency,2169000.0,0.0,5,2025-11-24,2027-01-26,,Stalled
MPL-11070,Overhead water tank at Baner,Bihar,Gaya,Gaya,Drinking water,Panchayat Samiti,2166000.0,984000.0,60,2025-04-27,2026-04-05,,Stalled
MPL-11071,Sub-centre building at Mundhwa,Uttar Pradesh,Varanasi,Varanasi,Health,Municipal Corporation,2806000.0,1787000.0,75,2025-03-18,2025-09-26,,In progress
MPL-11072,Construction of community hall at Ramnagar,Maharashtra,Pune,Pune,Community infrastructure,Rural Development Agency,3181000.0,3081000.0,100,2026-05-07,2027-01-03,2027-03-03,Completed
MPL-11073,Concrete road from Mundhwa to main road,Bihar,Gaya,Gaya,Roads and connectivity,Municipal Corporation,7481000.0,2045000.0,15,2024-03-29,2025-08-12,,Sanctioned
MPL-11074,Extension of panchayat bhavan at Mundhwa,Maharashtra,Pune,Pune,Community infrastructure,Rural Development Agency,5556000.0,1251000.0,5,2025-03-03,2025-10-31,,In progress
MPL-11075,Borewell with pump house at Ambegaon,Maharashtra,Pune,Pune,Drinking water,Panchayat Samiti,1790000.0,1635000.0,75,2024-11-29,2025-06-06,,Completed
MPL-11076,Borewell with pump house at Hirekop,Karnataka,Belagavi,Belgaum,Drinking water,Rural Development Agency,2311000.0,701000.0,30,2024-09-07,2025-09-24,,Completed
MPL-11077,Additional classrooms at school in Bodh Gaya,Maharashtra,Nashik,Dindori,Education,Panchayat Samiti,4140000.0,795000.0,0,2026-07-13,2027-08-30,,In progress
MPL-11078,Overhead water tank at Bodh Gaya,Uttar Pradesh,Varanasi,Varanasi,Drinking water,Municipal Corporation,3802000.0,1233000.0,15,2026-06-28,2027-10-29,,Completed
MPL-11079,Solar street lights at Bodh Gaya,Tamil Nadu,Madurai,Madurai,Public amenities,Public Works Department,2024000.0,2125000.0,100,2024-06-27,2025-07-17,2025-07-13,Completed
MPL-11080,Ambulance shelter at Mundhwa,Uttar Pradesh,Varanasi,Varanasi,Health,Rural Development Agency,6447000.0,816000.0,15,2026-02-04,2027-06-21,,In progress
MPL-11081,Sub-centre building at Ambegaon,Bihar,Gaya,Gaya,Health,Zilla Parishad Works Division,6846000.0,1692000.0,30,2024-08-23,2025-05-25,,Sanctioned
MPL-11082,Library block at school in Wadgaon Sheri,Karnataka,Belagavi,Belgaum,Education,Municipal Corporation,1304000.0,1129000.0,75,2026-01-09,2027-02-13,,In progress
MPL-11083,Repair of approach road at Kothrud,Maharashtra,Pune,Pune,Roads and connectivity,Rural Development Agency,8494000.0,5352000.0,75,2025-01-23,2026-03-19,,Sanctioned
MPL-11084,Extension of panchayat bhavan at Ramnagar,Bihar,Gaya,Gaya,Community infrastructure,Municipal Corporation,1683000.0,0.0,0,2026-01-05,2027-03-28,,Stalled
MPL-11085,Overhead water tank at Khed,Uttar Pradesh,Varanasi,Varanasi,Drinking water,Panchayat Samiti,1897000.0,924000.0,60,2024-12-09,2026-01-11,,Completed
MPL-11086,Concrete road from Chunar to main road,Tamil Nadu,Madurai,Madurai,Roads and connectivity,Zilla Parishad Works Division,3483000.0,549000.0,30,2025-06-05,2026-03-14,,In progress
MPL-11087,Construction of community hall at Wadgaon Sheri,Maharashtra,Nashik,Dindori,Community infrastructure,Zilla Parishad Works Division,4721000.0,0.0,0,2024-05-27,2025-03-18,,Stalled
MPL-11088,Borewell with pump house at Melur,Maharashtra,Pune,Pune,Drinking water,Public Works Department,1059000.0,123000.0,0,2025-02-21,2026-01-08,,In progress
MPL-11089,Extension of panchayat bhavan at Mundhwa,Karnataka,Belagavi,Belgaum,Community infrastructure,Public Works Department,3706000.0,428000.0,5,2025-08-12,2026-08-06,,Sanctioned
MPL-11090,Solar street lights at Chunar,Karnataka,Belagavi,Belgaum,Public amenities,Public Works Department,607000.0,389000.0,60,2024-11-10,2025-10-12,,In progress
MPL-11091,Overhead water tank at Mundhwa,Maharashtra,Pune,Pune,Drinking water,Public Works Department,3331000.0,551000.0,15,2025-07-28,2027-01-01,,In progress
MPL-11092,Solar street lights at Kothrud,Uttar Pradesh,Varanasi,Varanasi,Public amenities,Panchayat Samiti,637000.0,44000.0,5,2025-06-18,2026-02-20,,Completed
MPL-11093,Extension of panchayat bhavan at Ramnagar,Maharashtra,Pune,Pune,Community infrastructure,Rural Development Agency,3439000.0,3032000.0,90,2025-04-05,2026-06-28,,Sanctioned
MPL-11094,Overhead water tank at Khed,Uttar Pradesh,Varanasi,Varanasi,Drinking water,Public Works Department,2038000.0,2036000.0,100,2025-06-17,2025-12-24,2026-03-21,Completed
MPL-11095,Library block at school in Mundhwa,Karnataka,Belagavi,Belgaum,Education,Panchayat Samiti,4525000.0,961000.0,30,2026-05-28,2027-03-22,,Stalled
MPL-11096,Construction of community hall at Sinnar,Maharashtra,Pune,Pune,Community infrastructure,Panchayat Samiti,5194000.0,2046000.0,30,2025-11-06,2026-12-25,,In progress
MPL-11097,Construction of community hall at Ambegaon,Maharashtra,Pune,Pune,Community infrastructure,Public Works Department,2863000.0,1947000.0,75,2025-03-31,2025-12-02,,Completed
MPL-11098,Ambulance shelter at Ramnagar,Maharashtra,Pune,Pune,Health,Municipal Corporation,5466000.0,1706000.0,45,2025-08-07,2026-02-28,,Sanctioned
MPL-11099,Sub-centre building at Ramnagar,Bihar,Gaya,Gaya,Health,Panchayat Samiti,6343000.0,288000.0,15,2025-09-11,2026-11-13,,Stalled
MPL-11100,Concrete road from Hirekop to main road,Maharashtra,Pune,Pune,Roads and connectivity,Rural Development Agency,6341000.0,2830000.0,30,2024-11-22,2025-12-25,,Stalled
MPL-11101,Borewell with pump house at Melur,Bihar,Gaya,Gaya,Drinking water,Public Works Department,3054000.0,1729000.0,60,2025-09-07,2026-04-04,,In progress
MPL-11102,Construction of community hall at Melur,Maharashtra,Pune,Pune,Community infrastructure,Zilla Parishad Works Division,2492000.0,2091000.0,90,2025-08-18,2026-11-20,,In progress
MPL-11103,Ambulance shelter at Kothrud,Tamil Nadu,Madurai,Madurai,Health,Zilla Parishad Works Division,1996000.0,2096000.0,100,2024-06-24,2025-02-23,2025-03-31,Completed
MPL-11104,Additional classrooms at school in Mundhwa,Bihar,Gaya,Gaya,Education,Rural Development Agency,3282000.0,1706000.0,45,2026-01-13,2027-01-28,,Stalled
MPL-11105,Additional classrooms at school in Mundhwa,Uttar Pradesh,Varanasi,Varanasi,Education,Rural Development Agency,3706000.0,1073000.0,30,2024-07-07,2025-04-18,,Stalled
MPL-11106,Bus shelter at Chunar,Maharashtra,Pune,Pune,Public amenities,Public Works Department,850000.0,138000.0,5,2024-10-15,2026-03-25,,Completed
MPL-11107,Solar street lights at Hirekop,Maharashtra,Nashik,Dindori,Public amenities,Zilla Parishad Works Division,693000.0,268000.0,45,2024-12-10,2026-02-12,,Stalled
MPL-11108,Additional classrooms at school in Ambegaon,Karnataka,Belagavi,Belgaum,Education,Zilla Parishad Works Division,3180000.0,527000.0,0,2024-09-01,2025-07-21,,In progress
MPL-11109,Overhead water tank at Bodh Gaya,Bihar,Gaya,Gaya,Drinking water,Panchayat Samiti,3894000.0,4053000.0,90,2025-06-01,2026-09-03,,Stalled
MPL-11110,Repair of approach road at Ramnagar,Maharashtra,Pune,Pune,Roads and connectivity,Rural Development Agency,4993000.0,5010000.0,90,2025-04-09,2026-03-30,,Completed
MPL-11111,Construction of community hall at Bodh Gaya,Uttar Pradesh,Varanasi,Varanasi,Community infrastructure,Rural Development Agency,4329000.0,2680000.0,75,2025-03-28,2025-12-12,,Completed
MPL-11112,Extension of panchayat bhavan at Hirekop,Tamil Nadu,Madurai,Madurai,Community infrastructure,Zilla Parishad Works Division,4246000.0,3637000.0,90,2025-01-10,2026-05-25,,In progress
MPL-11113,Repair of approach road at Khed,Maharashtra,Pune,Pune,Roads and connectivity,Rural Development Agency,8016000.0,2252000.0,30,2024-10-04,2025-09-06,,Stalled
MPL-11114,Bus shelter at Ramnagar,Maharashtra,Nashik,Dindori,Public amenities,Municipal Corporation,1612000.0,866000.0,45,2026-02-09,2026-11-25,,Completed
MPL-11115,Additional classrooms at school in Mundhwa,Karnataka,Belagavi,Belgaum,Education,Public Works Department,2633000.0,2747000.0,100,2025-05-07,2026-06-29,2026-08-08,Completed
MPL-11116,Additional classrooms at school in Bodh Gaya,Karnataka,Belagavi,Belgaum,Education,Rural Development Agency,2908000.0,1692000.0,45,2026-05-10,2027-08-17,,Stalled
MPL-11117,Borewell with pump house at Bodh Gaya,Maharashtra,Pune,Pune,Drinking water,Municipal Corporation,1224000.0,609000.0,45,2025-06-15,2026-07-23,,In progress
MPL-11118,Concrete road from Hirekop to main road,Maharashtra,Pune,Pune,Roads and connectivity,Rural Development Agency,7805000.0,6935000.0,100,2026-06-12,2027-01-03,2027-03-29,Completed
MPL-11119,Library block at school in Mundhwa,Tamil Nadu,Madurai,Madurai,Education,Public Works Department,5228000.0,1975000.0,45,2024-08-18,2025-10-01,,Completed
MPL-11120,Repair of approach road at Mundhwa,Tamil Nadu,Madurai,Madurai,Roads and connectivity,Panchayat Samiti,8375000.0,7690000.0,100,2024-05-21,2025-06-13,2025-08-19,Completed
MPL-11121,Solar street lights at Ramnagar,Maharashtra,Nashik,Dindori,Public amenities,Zilla Parishad Works Division,990000.0,121000.0,0,2026-03-13,2027-02-13,,Sanctioned
MPL-11122,Bus shelter at Bodh Gaya,Tamil Nadu,Madurai,Madurai,Public amenities,Public Works Department,1233000.0,1108000.0,100,2026-03-31,2027-06-07,2027-06-11,Completed
MPL-11123,Overhead water tank at Wadgaon Sheri,Bihar,Gaya,Gaya,Drinking water,Panchayat Samiti,3326000.0,282000.0,0,2024-12-06,2025-10-09,,Completed
MPL-11124,Extension of panchayat bhavan at Wadgaon Sheri,Uttar Pradesh,Varanasi,Varanasi,Community infrastructure,Public Works Department,5773000.0,313000.0,0,2025-06-28,2026-08-26,,Sanctioned
MPL-11125,Extension of panchayat bhavan at Chunar,Karnataka,Belagavi,Belgaum,Community infrastructure,Municipal Corporation,4148000.0,2180000.0,45,2025-08-11,2026-03-02,,Completed
MPL-11126,Bus shelter at Khed,Bihar,Gaya,Gaya,Public amenities,Zilla Parishad Works Division,680000.0,86000.0,15,2026-04-06,2027-08-01,,In progress
MPL-11127,Additional classrooms at school in Mundhwa,Maharashtra,Nashik,Dindori,Education,Rural Development Agency,5013000.0,1536000.0,45,2025-04-07,2025-12-03,,In progress
MPL-11128,Extension of panchayat bhavan at Kothrud,Tamil Nadu,Madurai,Madurai,Community infrastructure,Public Works Department,5065000.0,2113000.0,45,2024-05-24,2025-01-09,,Stalled
MPL-11129,Borewell with pump house at Wadgaon Sheri,Tamil Nadu,Madurai,Madurai,Drinking water,Rural Development Agency,2553000.0,914000.0,45,2025-06-21,2026-08-14,,Sanctioned
MPL-11130,Repair of approach road at Khed,Bihar,Gaya,Gaya,Roads and connectivity,Zilla Parishad Works Division,7805000.0,2588000.0,45,2026-04-30,2027-01-26,,Completed
MPL-11131,Bus shelter at Khed,Uttar Pradesh,Varanasi,Varanasi,Public amenities,Public Works Department,931000.0,672000.0,60,2024-11-24,2026-01-16,,Completed
MPL-11132,Sub-centre building at Sinnar,Tamil Nadu,Madurai,Madurai,Health,Public Works Department,2685000.0,2457000.0,100,2024-07-25,2025-08-09,2025-07-19,Completed
MPL-11133,Additional classrooms at school in Kothrud,Maharashtra,Nashik,Dindori,Education,Municipal Corporation,5278000.0,3248000.0,45,2025-09-20,2026-12-16,,Sanctioned
MPL-11134,Solar street lights at Khed,Bihar,Gaya,Gaya,Public amenities,Rural Development Agency,718000.0,640000.0,90,2024-06-07,2025-06-20,,Stalled
MPL-11135,Repair of approach road at Baner,Karnataka,Belagavi,Belgaum,Roads and connectivity,Panchayat Samiti,4002000.0,0.0,0,2026-02-28,2027-06-01,,Sanctioned
MPL-11136,Borewell with pump house at Sinnar,Maharashtra,Pune,Pune,Drinking water,Municipal Corporation,1705000.0,0.0,0,2025-08-09,2026-03-04,,Sanctioned
MPL-11137,Construction of community hall at Wadgaon Sheri,Uttar Pradesh,Varanasi,Varanasi,Community infrastructure,Public Works Department,3973000.0,119000.0,5,2025-08-08,2026-03-19,,Stalled
MPL-11138,Borewell with pump house at Bodh Gaya,Bihar,Gaya,Gaya,Drinking water,Municipal Corporation,2258000.0,2005000.0,75,2026-04-26,2027-01-13,,Completed
MPL-11139,Extension of panchayat bhavan at Baner,Maharashtra,Nashik,Dindori,Community infrastructure,Municipal Corporation,2311000.0,1723000.0,60,2026-03-11,2027-08-23,,Sanctioned
MPL-11140,Repair of approach road at Khed,Maharashtra,Nashik,Dindori,Roads and connectivity,Zilla Parishad Works Division,5185000.0,1593000.0,45,2025-12-27,2026-12-21,,In progress
MPL-11141,Solar street lights at Ramnagar,Bihar,Gaya,Gaya,Public amenities,Rural Development Agency,1312000.0,1283000.0,100,2025-10-02,2026-09-03,2026-10-27,Completed
MPL-11142,Sub-centre building at Chunar,Bihar,Gaya,Gaya,Health,Municipal Corporation,6495000.0,6440000.0,100,2025-08-16,2026-02-26,2026-01-23,Completed
MPL-11143,Additional classrooms at school in Mundhwa,Maharashtra,Nashik,Dindori,Education,Municipal Corporation,4396000.0,148000.0,5,2026-05-26,2027-02-04,,Completed
MPL-11144,Sub-centre building at Chunar,Uttar Pradesh,Varanasi,Varanasi,Health,Public Works Department,4396000.0,2641000.0,75,2025-10-18,2026-07-20,,Stalled
MPL-11145,Additional classrooms at school in Bodh Gaya,Uttar Pradesh,Varanasi,Varanasi,Education,Panchayat Samiti,5002000.0,337000.0,5,2025-01-14,2026-04-07,,Sanctioned
MPL-11146,Borewell with pump house at Ramnagar,Uttar Pradesh,Varanasi,Varanasi,Drinking water,Panchayat Samiti,2703000.0,857000.0,30,2026-01-29,2026-09-09,,Completed
MPL-11147,Repair of approach road at Wadgaon Sheri,Maharashtra,Pune,Pune,Roads and connectivity,Public Works Department,7929000.0,5186000.0,75,2025-07-28,2026-03-25,,Stalled
MPL-11148,Bus shelter at Sinnar,Maharashtra,Nashik,Dindori,Public amenities,Municipal Corporation,2249000.0,2361000.0,90,2026-01-04,2026-08-02,,In progress
MPL-11149,Construction of community hall at Wadgaon Sheri,Maharashtra,Nashik,Dindori,Community infrastructure,Public Works Department,3703000.0,2764000.0,75,2024-10-13,2025-09-12,,Sanctioned
MPL-11150,Repair of approach road at Mundhwa,Maharashtra,Nashik,Dindori,Roads and connectivity,Public Works Department,7524000.0,2035000.0,30,2024-09-28,2025-08-29,,In progress
MPL-11151,Bus shelter at Bodh Gaya,Karnataka,Belagavi,Belgaum,Public amenities,Rural Development Agency,667000.0,47000.0,0,2026-04-11,2027-05-23,,Sanctioned
MPL-11152,Additional classrooms at school in Bodh Gaya,Maharashtra,Pune,Pune,Education,Panchayat Samiti,4256000.0,919000.0,30,2025-02-13,2026-03-30,,Stalled
MPL-11153,Ambulance shelter at Mundhwa,Uttar Pradesh,Varanasi,Varanasi,Health,Panchayat Samiti,6920000.0,1047000.0,30,2026-04-07,2027-04-09,,In progress
MPL-11154,Extension of panchayat bhavan at Ramnagar,Maharashtra,Pune,Pune,Community infrastructure,Rural Development Agency,3623000.0,2736000.0,90,2024-05-06,2024-12-21,,Stalled
MPL-11155,Concrete road from Ambegaon to main road,Maharashtra,Nashik,Dindori,Roads and connectivity,Zilla Parishad Works Division,6915000.0,1599000.0,30,2026-03-21,2027-01-01,,Stalled
MPL-11156,Library block at school in Khed,Uttar Pradesh,Varanasi,Varanasi,Education,Panchayat Samiti,1322000.0,1212000.0,75,2024-11-03,2025-12-26,,In progress
MPL-11157,Solar street lights at Bodh Gaya,Bihar,Gaya,Gaya,Public amenities,Municipal Corporation,895000.0,720000.0,75,2025-04-22,2026-07-13,,Sanctioned
MPL-11158,Overhead water tank at Sinnar,Uttar Pradesh,Varanasi,Varanasi,Drinking water,Zilla Parishad Works Division,1646000.0,67000.0,0,2026-02-12,2026-09-10,,In progress
MPL-11159,Ambulance shelter at Hirekop,Maharashtra,Nashik,Dindori,Health,Public Works Department,3309000.0,3353000.0,100,2026-01-23,2026-12-21,2026-12-24,Completed
MPL-11160,Ambulance shelter at Baner,Karnataka,Belagavi,Belgaum,Health,Rural Development Agency,3805000.0,776000.0,15,2025-08-15,2026-02-27,,Completed
MPL-11161,Concrete road from Wadgaon Sheri to main road,Karnataka,Belagavi,Belgaum,Roads and connectivity,Zilla Parishad Works Division,3635000.0,667000.0,30,2024-05-21,2025-08-22,,Stalled
MPL-11162,Overhead water tank at Chunar,Bihar,Gaya,Gaya,Drinking water,Panchayat Samiti,1043000.0,611000.0,60,2024-05-05,2025-06-22,,Completed
MPL-11163,Construction of community hall at Ramnagar,Bihar,Gaya,Gaya,Community infrastructure,Zilla Parishad Works Division,4960000.0,2005000.0,30,2024-05-21,2025-01-16,,Stalled
MPL-11164,Ambulance shelter at Chunar,Maharashtra,Pune,Pune,Health,Zilla Parishad Works Division,3651000.0,634000.0,30,2024-06-29,2025-07-04,,Stalled
MPL-11165,Concrete road from Sinnar to main road,Maharashtra,Pune,Pune,Roads and connectivity,Municipal Corporation,6479000.0,337000.0,5,2024-10-27,2025-12-21,,Sanctioned
MPL-11166,Additional classrooms at school in Ambegaon,Tamil Nadu,Madurai,Madurai,Education,Rural Development Agency,4694000.0,4929000.0,100,2024-05-29,2025-06-29,2025-06-19,Completed
MPL-11167,Additional classrooms at school in Bodh Gaya,Bihar,Gaya,Gaya,Education,Public Works Department,3514000.0,23000.0,5,2024-04-22,2024-11-15,,In progress
MPL-11168,Solar street lights at Baner,Tamil Nadu,Madurai,Madurai,Public amenities,Panchayat Samiti,1724000.0,1573000.0,100,2025-06-05,2026-11-11,2026-10-28,Completed
MPL-11169,Library block at school in Khed,Karnataka,Belagavi,Belgaum,Education,Public Works Department,2013000.0,1888000.0,90,2026-03-18,2026-11-21,,Sanctioned
MPL-11170,Library block at school in Melur,Maharashtra,Nashik,Dindori,Education,Zilla Parishad Works Division,4739000.0,3158000.0,75,2026-03-06,2027-07-25,,Stalled
MPL-11171,Repair of approach road at Chunar,Maharashtra,Nashik,Dindori,Roads and connectivity,Panchayat Samiti,4342000.0,1110000.0,15,2025-05-09,2026-06-15,,Sanctioned
MPL-11172,Concrete road from Mundhwa to main road,Maharashtra,Pune,Pune,Roads and connectivity,Public Works Department,8751000.0,3940000.0,45,2024-12-21,2025-08-27,,Stalled
MPL-11173,Overhead water tank at Hirekop,Uttar Pradesh,Varanasi,Varanasi,Drinking water,Zilla Parishad Works Division,2668000.0,1488000.0,60,2025-02-06,2025-10-24,,Stalled
MPL-11174,Library block at school in Ambegaon,Karnataka,Belagavi,Belgaum,Education,Public Works Department,4371000.0,583000.0,0,2025-06-18,2026-05-23,,Stalled
MPL-11175,Solar street lights at Baner,Tamil Nadu,Madurai,Madurai,Public amenities,Public Works Department,1101000.0,831000.0,75,2025-03-04,2026-06-12,,In progress
MPL-11176,Bus shelter at Mundhwa,Maharashtra,Nashik,Dindori,Public amenities,Zilla Parishad Works Division,1521000.0,272000.0,30,2024-04-22,2024-11-03,,In progress
MPL-11177,Overhead water tank at Mundhwa,Maharashtra,Nashik,Dindori,Drinking water,Zilla Parishad Works Division,1312000.0,1378000.0,100,2025-03-02,2026-02-15,2026-03-13,Completed
MPL-11178,Library block at school in Wadgaon Sheri,Uttar Pradesh,Varanasi,Varanasi,Education,Municipal Corporation,3395000.0,3386000.0,90,2024-08-29,2025-02-25,,Sanctioned
MPL-11179,Library block at school in Mundhwa,Maharashtra,Nashik,Dindori,Education,Public Works Department,3993000.0,3401000.0,100,2025-04-01,2026-09-06,2026-11-22,Completed
,Row with no identifier,Maharashtra,Pune,Pune,Public amenities,Panchayat Samiti,not-a-number,,,31-13-2024,,,Sanctioned
