work_id,work_name,category,mp_name,house,state,district,agency,recommended_date,sanction_date,sanction_amount,estimate_amount,expenditure,physical_progress,expected_completion,actual_completion,status,beneficiaries,completeness,fiscal_year
MP20260001,"Community hall at Krishna Nagar, Pune",Community Assets,J. Baruah,Lok Sabha,Maharashtra,Pune,"Municipal Corporation, Pune",2025-12-20,2026-04-19,2914380.41,2918010.02,2574872.69,6.7,2026-11-08,,In Progress,16905,0.74,2026-27
MP20250002,"Playground development at Shivaji Nagar, Pune",Sports and Youth,Kavita Sharma,Lok Sabha,Maharashtra,Pune,"Rural Engineering Service, Pune",2024-10-05,2025-01-11,712732.18,695122.09,645086.23,100.0,2025-07-25,2025-08-30,Completed,6439,0.87,2024-25
MP20260003,"Solar rooftop for school at Gandhi Chowk, Pune",Electricity and Solar,Vikram Chauhan,Rajya Sabha,Maharashtra,Pune,"Block Development Office, Pune",2026-02-01,2026-05-21,707508.33,722494.26,221491.69,33.6,2027-04-01,,In Progress,10038,0.86,2026-27
MP20240004,"Construction of overhead water tank at Sundar Vihar, Pune",Drinking Water,Sunita Rao,Lok Sabha,Maharashtra,Pune,"Block Development Office, Pune",2024-02-13,2024-05-21,726312.14,696126.17,695686.7,100.0,2025-02-02,2025-01-14,Completed,21188,0.88,2024-25
MP20250005,"Ambulance for PHC Ambedkar Vasti, Pune",Health,Sunita Rao,Lok Sabha,Maharashtra,Pune,"Block Development Office, Pune",2025-05-21,2025-09-12,7596589.36,7310170.52,6976332.75,100.0,2026-04-17,2026-02-22,Completed,18642,0.74,2025-26
MP20250006,"Borewell with submersible pump at Rampur village, Pune",Drinking Water,J. Baruah,Lok Sabha,Maharashtra,Pune,"Rural Engineering Service, Pune",2025-08-28,2025-11-17,1613820.63,1628108.08,1590692.17,100.0,2026-04-23,2026-03-28,Completed,12993,0.98,2025-26
MP20250007,"Smart classroom facility at Ambedkar Vasti, Pune",Education,R. Krishnan,Rajya Sabha,Maharashtra,Pune,"Municipal Corporation, Pune",2025-05-31,2025-07-10,2200367.15,2219186.99,1993506.98,100.0,2026-04-03,2026-05-18,Completed,21928,0.83,2025-26
MP20250008,"Solid waste collection vehicles for Gandhi Chowk, Pune",Sanitation,R. Krishnan,Rajya Sabha,Maharashtra,Pune,"Block Development Office, Pune",2025-05-04,2025-06-13,968936.76,978052.76,991268.34,100.0,2026-06-24,2026-08-16,Completed,961,0.85,2025-26
MP20240009,"Solar rooftop for school at Subhash Nagar, Pune",Electricity and Solar,Vikram Chauhan,Rajya Sabha,Maharashtra,Pune,"Jal Nigam, Pune",2024-05-26,2024-09-02,2714530.53,2665841.79,2589416.51,100.0,2025-03-29,2025-04-25,Completed,9098,0.82,2024-25
MP20240010,"Solar street lights at Vidya Nagar, Pune",Electricity and Solar,J. Baruah,Lok Sabha,Maharashtra,Pune,"PWD Division, Pune",2024-07-07,2024-09-05,3781127.98,3847090.96,3806842.79,100.0,2025-08-29,2025-08-02,Completed,9424,0.84,2024-25
MP20250011,"Solid waste collection vehicles for Bhagat Singh Colony, Pune",Sanitation,Anil Deshmukh,Lok Sabha,Maharashtra,Pune,"Block Development Office, Pune",2025-08-19,2025-12-12,1211768.39,1190832.28,1238389.8,100.0,2026-09-02,2026-08-15,Completed,20065,0.77,2025-26
MP20240012,"Renovation of panchayat bhavan at Gandhi Chowk, Pune",Community Assets,Meera Yadav,Lok Sabha,Maharashtra,Pune,"Municipal Corporation, Pune",2024-09-19,2024-11-25,1941061.7,1882673.16,1977893.37,100.0,2025-07-14,2025-07-11,Completed,12255,0.96,2024-25
MP20250013,"Construction of overhead water tank at Patel Nagar, Nagpur",Drinking Water,R. Krishnan,Rajya Sabha,Maharashtra,Nagpur,"Block Development Office, Nagpur",2024-12-21,2025-04-13,677288.96,653720.12,710278.28,100.0,2026-05-19,2026-04-21,Completed,453,0.92,2025-26
MP20260014,"Smart classroom facility at Shivaji Nagar, Nagpur",Education,Sunita Rao,Lok Sabha,Maharashtra,Nagpur,"Jal Nigam, Nagpur",2025-09-15,2026-01-10,5774526.7,5599196.09,5609352.38,100.0,2026-05-28,2026-05-24,Completed,5370,0.74,2025-26
MP20240015,"Playground development at Tilak Road, Nagpur",Sports and Youth,P. Nagarajan,Lok Sabha,Maharashtra,Nagpur,"PWD Division, Nagpur",2024-01-12,2024-04-27,851826.15,816096.92,786566.87,100.0,2025-05-29,2025-05-07,Completed,5680,0.9,2024-25
MP20240016,"Solid waste collection vehicles for Nehru Ward, Nagpur",Sanitation,Sunita Rao,Lok Sabha,Maharashtra,Nagpur,"Block Development Office, Nagpur",2024-03-02,2024-06-13,1649673.32,1684549.15,1582676.65,100.0,2024-12-22,2024-10-29,Completed,12623,0.94,2024-25
MP20260017,"Additional classroom block at Govt School, Indira Colony, Nagpur",Education,Latha Menon,Lok Sabha,Maharashtra,Nagpur,"PWD Division, Nagpur",2026-03-19,2026-06-25,965597.04,950215.6,428996.6,46.4,2026-10-23,,In Progress,1920,0.97,2026-27
MP20250018,"High mast light installation at Sector 9, Nagpur",Electricity and Solar,R. Krishnan,Rajya Sabha,Maharashtra,Nagpur,"PWD Division, Nagpur",2025-05-21,2025-06-27,1700082.79,1736499.22,1735126.05,100.0,2026-08-03,2026-10-07,Completed,7580,0.84,2025-26
MP20250019,"Community toilet block at Ward 4, Nagpur",Sanitation,Farhan Qureshi,Rajya Sabha,Maharashtra,Nagpur,"Zilla Parishad, Nagpur",2024-09-19,2025-01-10,1708977.44,1670101.55,1564536.91,100.0,2025-07-28,2025-07-15,Completed,16667,0.91,2024-25
MP20260020,"Smart classroom facility at Nehru Ward, Nagpur",Education,Latha Menon,Lok Sabha,Maharashtra,Nagpur,"Zilla Parishad, Nagpur",2026-02-14,2026-04-12,4965195.6,5057034.28,7524383.13,84.2,2027-02-16,,In Progress,18030,0.74,2026-27
MP20240021,"Solar rooftop for school at Indira Colony, Nagpur",Electricity and Solar,J. Baruah,Lok Sabha,Maharashtra,Nagpur,"Zilla Parishad, Nagpur",2024-01-28,2024-03-29,3830028.89,4021699.02,838776.33,21.9,2024-12-03,,In Progress,17977,0.77,2023-24
MP20240022,"Dialysis unit equipment at Ward 4, Nagpur",Health,Anil Deshmukh,Lok Sabha,Maharashtra,Nagpur,"Jal Nigam, Nagpur",2024-07-28,2024-11-10,5483836.63,5752344.87,5364557.35,100.0,2025-04-29,2025-06-23,Completed,2541,0.9,2024-25
MP20240023,"Smart classroom facility at Tilak Road, Nagpur",Education,P. Nagarajan,Lok Sabha,Maharashtra,Nagpur,"Jal Nigam, Nagpur",2024-11-23,2024-12-30,17167149.29,15794743.36,17167149.29,100.0,2025-12-10,2026-01-27,Completed,18560,0.94,2024-25
MP20250024,"Borewell with submersible pump at Laxmi Nagar, Nashik",Drinking Water,Sunita Rao,Lok Sabha,Maharashtra,Nashik,"Jal Nigam, Nashik",2024-12-30,2025-04-29,3233127.89,3113865.27,3351997.7,100.0,2026-02-18,2025-12-25,Completed,5502,0.52,2025-26
MP20260025,"Borewell with submersible pump at Subhash Nagar, Nashik",Drinking Water,Kavita Sharma,Lok Sabha,Maharashtra,Nashik,"Municipal Corporation, Nashik",2026-01-13,2026-05-12,2062487.14,2057810.21,566347.88,30.1,2027-07-04,,In Progress,19695,0.9,2026-27
MP20250026,"Borewell with submersible pump at Bhagat Singh Colony, Nashik",Drinking Water,Vikram Chauhan,Rajya Sabha,Maharashtra,Nashik,"Zilla Parishad, Nashik",2025-04-29,2025-08-10,2806766.15,2915789.32,2719010.14,100.0,2026-07-07,2026-07-12,Completed,14246,0.8,2025-26
MP20250027,"Open gym equipment at Sundar Vihar, Nashik",Sports and Youth,Sunita Rao,Lok Sabha,Maharashtra,Nashik,"Block Development Office, Nashik",2025-05-09,2025-07-27,2542765.76,2590227.88,2474313.46,100.0,2025-12-10,2026-01-28,Completed,13220,0.82,2025-26
MP20250028,"Crematorium shed at Ward 4, Nashik",Community Assets,P. Nagarajan,Lok Sabha,Maharashtra,Nashik,"Jal Nigam, Nashik",2025-03-24,2025-06-17,1032539.62,1073874.44,1030655.61,100.0,2026-02-01,2026-02-11,Completed,15716,1.0,2025-26
MP20250029,"Solar street lights at Sundar Vihar, Nashik",Electricity and Solar,Anil Deshmukh,Lok Sabha,Maharashtra,Nashik,"Rural Engineering Service, Nashik",2025-06-04,2025-09-02,1999317.34,2103397.87,1960311.77,100.0,2026-07-27,2026-08-21,Completed,13884,0.72,2025-26
MP20250030,"Dialysis unit equipment at Gandhi Chowk, Nashik",Health,Anil Deshmukh,Lok Sabha,Maharashtra,Nashik,"Block Development Office, Nashik",2024-11-26,2025-01-25,5502459.77,5741885.99,1315087.89,23.9,2026-01-13,,In Progress,21122,0.95,2024-25
MP20240031,"High mast light installation at Sector 9, Nashik",Electricity and Solar,Meera Yadav,Lok Sabha,Maharashtra,Nashik,"Zilla Parishad, Nashik",2024-04-01,2024-06-05,2221885.23,2135512.93,1463025.38,13.5,2024-11-19,,In Progress,4282,0.75,2024-25
MP20240032,"Construction of CC road at Nehru Ward, Nashik",Roads and Bridges,Farhan Qureshi,Rajya Sabha,Maharashtra,Nashik,"Zilla Parishad, Nashik",2024-09-25,2024-12-24,4501262.07,4359753.22,4247202.36,100.0,2025-08-21,2025-09-13,Completed,20896,0.89,2024-25
MP20240033,"Borewell with submersible pump at Indira Colony, Nashik",Drinking Water,Meera Yadav,Lok Sabha,Maharashtra,Nashik,"Municipal Corporation, Nashik",2024-05-11,2024-08-24,3327110.01,3396864.46,3126964.84,100.0,2025-02-28,2025-03-26,Completed,21670,0.99,2024-25
MP20250034,"Solid waste collection vehicles for Gandhi Chowk, Nashik",Sanitation,Farhan Qureshi,Rajya Sabha,Maharashtra,Nashik,"Municipal Corporation, Nashik",2024-10-28,2025-01-10,817431.21,823469.87,850936.95,100.0,2025-07-20,2025-07-30,Completed,5377,0.78,2024-25
MP20260035,"Dialysis unit equipment at Sector 9, Nashik",Health,Farhan Qureshi,Rajya Sabha,Maharashtra,Nashik,"PWD Division, Nashik",2026-02-06,2026-04-01,4779884.3,5019847.36,4710568.72,100.0,2026-08-03,2026-09-23,Completed,17160,0.77,2026-27
MP20250036,"Installation of RO water plant at Ward 11, Nashik",Drinking Water,Vikram Chauhan,Rajya Sabha,Maharashtra,Nashik,"Municipal Corporation, Nashik",2024-10-26,2025-02-07,1465193.52,1440108.22,1080093.32,14.4,2025-11-09,,In Progress,15136,0.95,2024-25
MP20260037,"High mast light installation at Gandhi Chowk, Nashik",Electricity and Solar,P. Nagarajan,Lok Sabha,Maharashtra,Nashik,"PWD Division, Nashik",2026-01-11,2026-02-20,2143658.49,2126691.69,1273111.05,57.0,2026-11-12,,In Progress,6405,0.85,2025-26
MP20240038,"Dialysis unit equipment at Ward 4, Thane",Health,Vikram Chauhan,Rajya Sabha,Maharashtra,Thane,"Jal Nigam, Thane",2024-08-16,2024-09-19,6129504.81,5909050.03,6391894.43,100.0,2025-03-21,2025-02-04,Completed,14594,0.73,2024-25
MP20240039,"Solid waste collection vehicles for Indira Colony, Thane",Sanitation,P. Nagarajan,Lok Sabha,Maharashtra,Thane,"Rural Engineering Service, Thane",2024-01-16,2024-04-25,598149.53,578523.7,510287.07,12.3,2025-02-07,,In Progress,15335,0.97,2024-25
MP20250040,"Additional classroom block at Govt School, Gandhi Chowk, Thane",Education,Latha Menon,Lok Sabha,Maharashtra,Thane,"Rural Engineering Service, Thane",2025-02-27,2025-05-06,4361945.91,4573214.42,4177913.2,100.0,2025-09-06,2025-09-08,Completed,12985,0.84,2025-26
MP20250041,"Smart classroom facility at Sector 9, Thane",Education,Meera Yadav,Lok Sabha,Maharashtra,Thane,"Jal Nigam, Thane",2025-11-03,2025-12-07,1758498.95,1825178.29,1112052.38,63.2,2026-11-25,,In Progress,9279,0.79,2025-26
MP20260042,"Borewell with submersible pump at Laxmi Nagar, Thane",Drinking Water,Kavita Sharma,Lok Sabha,Maharashtra,Thane,"Jal Nigam, Thane",2025-10-24,2026-01-17,2908613.89,2967815.75,2989856.4,100.0,2026-08-16,2026-09-02,Completed,5846,0.87,2025-26
MP20250043,"Renovation of panchayat bhavan at Sector 9, Thane",Community Assets,P. Nagarajan,Lok Sabha,Maharashtra,Thane,"Jal Nigam, Thane",2025-05-10,2025-08-25,3074318.98,3235780.6,3055410.59,100.0,2026-06-20,2026-07-28,Completed,21381,0.83,2025-26
MP20250044,"Volleyball court at Tilak Road, Thane",Sports and Youth,P. Nagarajan,Lok Sabha,Maharashtra,Thane,"Rural Engineering Service, Thane",2025-09-06,2025-10-18,3088611.29,2973571.41,2667950.7,93.0,2026-10-11,,In Progress,3087,0.93,2025-26
MP20240045,"Renovation of panchayat bhavan at Tilak Road, Thane",Community Assets,Farhan Qureshi,Rajya Sabha,Maharashtra,Thane,"PWD Division, Thane",2023-12-01,2024-03-19,1225724.14,1242841.74,648408.07,52.9,2024-10-07,,In Progress,678,0.34,2023-24
MP20250046,"Crematorium shed at Ward 11, Thane",Community Assets,Vikram Chauhan,Rajya Sabha,Maharashtra,Thane,"PWD Division, Thane",2025-05-12,2025-06-29,2208211.32,2186316.86,2093075.27,100.0,2025-12-07,2025-10-08,Completed,20555,0.91,2025-26
MP20260047,"Drainage line construction at Patel Nagar, Thane",Sanitation,Kavita Sharma,Lok Sabha,Maharashtra,Thane,"Rural Engineering Service, Thane",2026-05-08,2026-06-05,2311430.28,2396107.71,610529.04,25.7,2027-06-15,,In Progress,3702,0.8,2026-27
MP20250048,"Construction of CC road at Indira Colony, Thane",Roads and Bridges,Kavita Sharma,Lok Sabha,Maharashtra,Thane,"Block Development Office, Thane",2025-09-01,2025-12-26,6550223.8,6372722.46,4821892.81,81.4,2026-09-26,,In Progress,7798,0.76,2025-26
MP20260049,"Repair of approach road near Bhagat Singh Colony, Thane",Roads and Bridges,Kavita Sharma,Lok Sabha,Maharashtra,Thane,"Zilla Parishad, Thane",2025-11-08,2026-01-24,6567988.43,6333888.8,5297014.11,88.9,2026-10-27,,In Progress,8691,0.48,2025-26
MP20250050,"Upgradation of sub-centre at Nehru Ward, Thane",Health,Kavita Sharma,Lok Sabha,Maharashtra,Thane,"Rural Engineering Service, Thane",2024-10-30,2025-02-17,4881389.83,4820452.55,5034293.81,100.0,2025-10-11,2025-11-13,Completed,2842,0.76,2024-25
MP20240051,"Playground development at Patel Nagar, Thane",Sports and Youth,R. Krishnan,Rajya Sabha,Maharashtra,Thane,"Zilla Parishad, Thane",2024-02-14,2024-06-09,2818137.91,2784374.59,2881971.21,100.0,2025-06-09,2025-07-22,Completed,8771,0.85,2024-25
MP20250052,"Open gym equipment at Nehru Ward, Thane",Sports and Youth,Latha Menon,Lok Sabha,Maharashtra,Thane,"Jal Nigam, Thane",2024-12-22,2025-01-23,616958.2,625182.94,615092.46,100.0,2025-10-23,2025-09-03,Completed,8104,0.4,2024-25
MP20240053,"Borewell with submersible pump at Gandhi Chowk, Thane",Drinking Water,P. Nagarajan,Lok Sabha,Maharashtra,Thane,"Block Development Office, Thane",2024-05-12,2024-06-11,1036967.59,1060711.05,1012161.48,100.0,2025-05-04,2025-04-30,Completed,3729,0.79,2024-25
MP20260054,"Renovation of panchayat bhavan at Shivaji Nagar, Aurangabad",Community Assets,J. Baruah,Lok Sabha,Maharashtra,Aurangabad,"Municipal Corporation, Aurangabad",2025-12-10,2026-03-13,2857915.75,2880682.04,2237944.83,80.0,2026-10-17,,In Progress,679,0.79,2025-26
MP20260055,"Solar rooftop for school at Nehru Ward, Aurangabad",Electricity and Solar,R. Krishnan,Rajya Sabha,Maharashtra,Aurangabad,"Jal Nigam, Aurangabad",2026-04-02,2026-07-05,1438033.96,1409326.6,213510.02,16.2,2027-07-22,,In Progress,16009,0.82,2026-27
MP20250056,"Community toilet block at Bhagat Singh Colony, Aurangabad",Sanitation,Meera Yadav,Lok Sabha,Maharashtra,Aurangabad,"PWD Division, Aurangabad",2025-09-12,2025-11-18,838560.51,863466.09,787136.96,100.0,2026-06-22,2026-06-03,Completed,7443,0.93,2025-26
MP20260057,"Upgradation of sub-centre at Ward 4, Aurangabad",Health,Latha Menon,Lok Sabha,Maharashtra,Aurangabad,"Jal Nigam, Aurangabad",2026-04-09,2026-06-16,4876323.78,4963507.39,1666028.48,37.6,2027-01-01,,In Progress,1490,0.79,2026-27
MP20250058,"Community toilet block at Ambedkar Vasti, Aurangabad",Sanitation,Farhan Qureshi,Rajya Sabha,Maharashtra,Aurangabad,"Block Development Office, Aurangabad",2025-11-01,2025-12-14,1388690.55,1430752.09,1341210.27,100.0,2026-06-20,2026-06-07,Completed,2996,0.75,2025-26
MP20250059,"Dialysis unit equipment at Bhagat Singh Colony, Aurangabad",Health,Farhan Qureshi,Rajya Sabha,Maharashtra,Aurangabad,"Zilla Parishad, Aurangabad",2024-10-02,2025-01-11,5450952.02,5265875.61,4345019.37,11.9,2025-12-12,,In Progress,17665,0.8,2024-25
MP20250060,"Open gym equipment at Tilak Road, Aurangabad",Sports and Youth,Vikram Chauhan,Rajya Sabha,Maharashtra,Aurangabad,"Jal Nigam, Aurangabad",2024-12-13,2025-02-01,642709.04,635951.52,605978.34,100.0,2025-12-25,2026-01-20,Completed,18951,0.83,2024-25
MP20260061,"Community toilet block at Nehru Ward, Aurangabad",Sanitation,P. Nagarajan,Lok Sabha,Maharashtra,Aurangabad,"PWD Division, Aurangabad",2026-01-28,2026-03-01,586613.99,593140.47,295230.28,48.0,2027-03-27,,In Progress,19731,0.96,2025-26
MP20250062,"Smart classroom facility at Subhash Nagar, Aurangabad",Education,P. Nagarajan,Lok Sabha,Maharashtra,Aurangabad,"Zilla Parishad, Aurangabad",2025-04-26,2025-06-25,4676472.26,4591606.93,4624436.4,100.0,2026-06-01,2026-06-18,Completed,2875,0.82,2025-26
MP20260063,"Solar rooftop for school at Vidya Nagar, Aurangabad",Electricity and Solar,Vikram Chauhan,Rajya Sabha,Maharashtra,Aurangabad,"Block Development Office, Aurangabad",2025-11-23,2026-01-22,875554.88,914064.07,441557.36,52.5,2027-02-08,,In Progress,12300,0.85,2025-26
MP20240064,"Installation of RO water plant at Bhagat Singh Colony, Aurangabad",Drinking Water,Vikram Chauhan,Rajya Sabha,Maharashtra,Aurangabad,"Municipal Corporation, Aurangabad",2024-09-24,2024-11-11,703463.8,716898.93,157575.89,22.4,2025-04-30,,In Progress,8451,0.82,2024-25
MP20240065,"Open gym equipment at Ward 11, Lucknow",Sports and Youth,Anil Deshmukh,Lok Sabha,Uttar Pradesh,Lucknow,"Block Development Office, Lucknow",2024-08-15,2024-10-31,406905.57,414906.96,378321.96,100.0,2025-10-28,2025-09-06,Completed,9044,0.77,2024-25
MP20260066,"Installation of RO water plant at Station Road, Lucknow",Drinking Water,Anil Deshmukh,Lok Sabha,Uttar Pradesh,Lucknow,"Municipal Corporation, Lucknow",2026-04-09,2026-06-02,3278528.98,3189543.04,1530429.77,46.2,2026-11-25,,In Progress,8175,0.73,2026-27
MP20240067,"Solid waste collection vehicles for Ward 4, Lucknow",Sanitation,Latha Menon,Lok Sabha,Uttar Pradesh,Lucknow,"Block Development Office, Lucknow",2024-09-11,2024-10-23,563207.15,585756.02,575212.51,100.0,2025-09-29,2025-10-07,Completed,19522,0.28,2024-25
MP20260068,"High mast light installation at Station Road, Lucknow",Electricity and Solar,P. Nagarajan,Lok Sabha,Uttar Pradesh,Lucknow,"Municipal Corporation, Lucknow",2025-12-21,2026-02-10,1379647.61,1449175.64,1022505.93,17.7,2026-09-22,,In Progress,1171,0.75,2025-26
MP20250069,"Drainage line construction at Krishna Nagar, Lucknow",Sanitation,Meera Yadav,Lok Sabha,Uttar Pradesh,Lucknow,"Rural Engineering Service, Lucknow",2025-08-28,2025-10-15,1488091.13,1521944.51,1534505.26,100.0,2026-08-02,2026-07-26,Completed,10046,0.81,2025-26
MP20250070,"Construction of culvert at Indira Colony, Lucknow",Roads and Bridges,Anil Deshmukh,Lok Sabha,Uttar Pradesh,Lucknow,"Municipal Corporation, Lucknow",2025-10-13,2025-12-08,2682810.39,2753658.01,2228253.43,87.7,2026-10-27,,In Progress,6990,0.78,2025-26
MP20250071,"Construction of CC road at Indira Colony, Lucknow",Roads and Bridges,Vikram Chauhan,Rajya Sabha,Uttar Pradesh,Lucknow,"Block Development Office, Lucknow",2024-11-17,2025-03-01,8190064.44,7994333.76,8160097.26,100.0,2026-01-31,2026-02-16,Completed,17212,0.82,2024-25
MP20250072,"Dialysis unit equipment at Tilak Road, Lucknow",Health,Farhan Qureshi,Rajya Sabha,Uttar Pradesh,Lucknow,"Municipal Corporation, Lucknow",2024-12-10,2025-01-13,21660366.84,20953691.37,21660366.84,100.0,2025-10-18,2025-09-24,Completed,4663,0.74,2024-25
MP20240073,"Solar rooftop for school at Indira Colony, Lucknow",Electricity and Solar,Vikram Chauhan,Rajya Sabha,Uttar Pradesh,Lucknow,"Rural Engineering Service, Lucknow",2024-08-25,2024-10-05,2489054.02,2584585.45,2419569.42,100.0,2025-09-06,2025-10-09,Completed,9740,0.87,2024-25
MP20250074,"Repair of approach road near Ambedkar Vasti, Lucknow",Roads and Bridges,Meera Yadav,Lok Sabha,Uttar Pradesh,Lucknow,"Zilla Parishad, Lucknow",2024-12-28,2025-01-17,3694711.74,3770353.23,3647031.87,100.0,2025-06-17,2025-06-03,Completed,9082,0.72,2024-25
MP20250075,"Volleyball court at Bhagat Singh Colony, Lucknow",Sports and Youth,Meera Yadav,Lok Sabha,Uttar Pradesh,Lucknow,"Municipal Corporation, Lucknow",2025-08-12,2025-09-01,2196410.7,2180648.81,2238699.81,100.0,2026-02-25,2026-05-03,Completed,14506,0.84,2025-26
MP20250076,"Construction of CC road at Ward 4, Lucknow",Roads and Bridges,Sunita Rao,Lok Sabha,Uttar Pradesh,Lucknow,"Zilla Parishad, Lucknow",2025-08-16,2025-11-29,3535786.89,3389616.98,3689931.91,100.0,2026-04-28,2026-03-05,Completed,21231,0.78,2025-26
MP20250077,"Solar rooftop for school at Tilak Road, Lucknow",Electricity and Solar,R. Krishnan,Rajya Sabha,Uttar Pradesh,Lucknow,"Rural Engineering Service, Lucknow",2025-07-03,2025-10-01,2761450.8,2822548.59,2445732.35,97.1,2026-06-30,,In Progress,16884,0.86,2025-26
MP20250078,"High mast light installation at Krishna Nagar, Lucknow",Electricity and Solar,Meera Yadav,Lok Sabha,Uttar Pradesh,Lucknow,"Jal Nigam, Lucknow",2025-07-24,2025-11-03,2483833.8,2399770.33,2562869.65,100.0,2026-08-12,2026-06-27,Completed,7364,0.74,2025-26
MP20250079,"Ambulance for PHC Vidya Nagar, Lucknow",Health,J. Baruah,Lok Sabha,Uttar Pradesh,Lucknow,"Municipal Corporation, Lucknow",2025-05-04,2025-05-29,5271484.2,5535223.86,5525651.69,100.0,2026-02-01,2026-01-04,Completed,16332,0.75,2025-26
MP20260080,"Community toilet block at Nehru Ward, Lucknow",Sanitation,Vikram Chauhan,Rajya Sabha,Uttar Pradesh,Lucknow,"Zilla Parishad, Lucknow",2025-11-29,2026-01-07,877889.2,918729.93,1385264.84,74.5,2026-11-01,,In Progress,21532,0.78,2025-26
MP20250081,"Volleyball court at Subhash Nagar, Varanasi",Sports and Youth,Anil Deshmukh,Lok Sabha,Uttar Pradesh,Varanasi,"PWD Division, Varanasi",2025-10-14,2025-11-25,592742.0,586660.48,551410.86,100.0,2026-04-07,2026-07-05,Completed,9171,0.74,2025-26
MP20260082,"High mast light installation at Sector 9, Varanasi",Electricity and Solar,Meera Yadav,Lok Sabha,Uttar Pradesh,Varanasi,"Block Development Office, Varanasi",2026-04-28,2026-06-10,2014305.3,2077685.1,428815.19,22.6,2027-08-04,,In Progress,4611,0.78,2026-27
MP20240083,"Solid waste collection vehicles for Subhash Nagar, Varanasi",Sanitation,Kavita Sharma,Lok Sabha,Uttar Pradesh,Varanasi,"Rural Engineering Service, Varanasi",2024-03-04,2024-04-28,312221.23,309938.98,285051.92,100.0,2024-10-26,2024-09-24,Completed,11504,0.88,2024-25
MP20250084,"High mast light installation at Sector 9, Varanasi",Electricity and Solar,Farhan Qureshi,Rajya Sabha,Uttar Pradesh,Varanasi,"Zilla Parishad, Varanasi",2025-06-09,2025-08-15,816219.13,840345.74,798536.59,100.0,2026-06-27,2026-08-30,Completed,15196,0.73,2025-26
MP20240085,"Solid waste collection vehicles for Nehru Ward, Varanasi",Sanitation,Sunita Rao,Lok Sabha,Uttar Pradesh,Varanasi,"Block Development Office, Varanasi",2024-02-18,2024-04-13,1283694.3,1276493.72,1197331.89,100.0,2025-05-20,2025-03-21,Completed,10404,0.87,2024-25
MP20240086,"Community hall at Ambedkar Vasti, Varanasi",Community Assets,Kavita Sharma,Lok Sabha,Uttar Pradesh,Varanasi,"Block Development Office, Varanasi",2024-04-03,2024-06-22,3486872.07,3331758.79,3504008.69,100.0,2025-05-27,2025-04-07,Completed,3479,0.92,2024-25
MP20260087,"Borewell with submersible pump at Krishna Nagar, Varanasi",Drinking Water,Anil Deshmukh,Lok Sabha,Uttar Pradesh,Varanasi,"Rural Engineering Service, Varanasi",2025-11-17,2026-01-03,1738310.04,1766350.46,1626510.18,100.0,2026-08-08,2026-10-28,Completed,11950,0.92,2025-26
MP20260088,"Volleyball court at Nehru Ward, Varanasi",Sports and Youth,Kavita Sharma,Lok Sabha,Uttar Pradesh,Varanasi,"Jal Nigam, Varanasi",2025-12-15,2026-02-28,618343.31,636293.89,581712.24,100.0,2026-07-16,2026-05-23,Completed,2945,0.84,2025-26
MP20260089,"Volleyball court at Tilak Road, Varanasi",Sports and Youth,R. Krishnan,Rajya Sabha,Uttar Pradesh,Varanasi,"Block Development Office, Varanasi",2025-10-03,2026-01-30,2613170.29,2526994.62,1274608.89,51.3,2027-03-08,,In Progress,2882,0.9,2025-26
MP20240090,"Playground development at Gandhi Chowk, Varanasi",Sports and Youth,Farhan Qureshi,Rajya Sabha,Uttar Pradesh,Varanasi,"Block Development Office, Varanasi",2024-10-21,2024-12-10,902953.12,904304.63,904446.91,100.0,2025-07-19,2025-06-17,Completed,8907,0.98,2024-25
MP20240091,"Solar rooftop for school at Ambedkar Vasti, Varanasi",Electricity and Solar,P. Nagarajan,Lok Sabha,Uttar Pradesh,Varanasi,"Zilla Parishad, Varanasi",2024-09-07,2024-09-29,3691596.23,3834618.25,3573701.51,100.0,2025-08-08,2025-08-15,Completed,20273,0.96,2024-25
MP20240092,"Installation of RO water plant at Indira Colony, Varanasi",Drinking Water,Kavita Sharma,Lok Sabha,Uttar Pradesh,Varanasi,"PWD Division, Varanasi",2024-03-06,2024-04-30,3003339.78,2974248.46,3059250.28,100.0,2024-12-02,2025-01-25,Completed,908,0.93,2024-25
MP20250093,"Drainage line construction at Tilak Road, Kanpur",Sanitation,Anil Deshmukh,Lok Sabha,Uttar Pradesh,Kanpur,"Zilla Parishad, Kanpur",2025-08-01,2025-11-11,1903195.66,1841100.82,1050342.15,59.4,2026-12-07,,In Progress,2996,0.89,2025-26
MP20250094,"Dialysis unit equipment at Tilak Road, Kanpur",Health,Farhan Qureshi,Rajya Sabha,Uttar Pradesh,Kanpur,"Municipal Corporation, Kanpur",2025-06-04,2025-09-21,2831871.46,2846008.43,2574510.65,100.0,2026-02-07,2026-03-18,Completed,10222,0.81,2025-26
MP20250095,"Renovation of panchayat bhavan at Vidya Nagar, Kanpur",Community Assets,Latha Menon,Lok Sabha,Uttar Pradesh,Kanpur,"PWD Division, Kanpur",2025-04-14,2025-08-01,2083491.64,2133814.33,1964148.65,100.0,2026-02-07,2026-02-18,Completed,20393,1.0,2025-26
MP20250096,"Additional classroom block at Govt School, Ward 4, Kanpur",Education,R. Krishnan,Rajya Sabha,Uttar Pradesh,Kanpur,"PWD Division, Kanpur",2025-08-21,2025-09-20,1145575.9,1199968.84,919662.73,9.5,2026-09-29,,In Progress,16538,0.98,2025-26
MP20260097,"Solar rooftop for school at Rampur village, Kanpur",Electricity and Solar,Farhan Qureshi,Rajya Sabha,Uttar Pradesh,Kanpur,"Block Development Office, Kanpur",2026-05-30,2026-06-26,3593568.85,3595170.62,628982.61,17.5,2027-05-29,,In Progress,6620,0.76,2026-27
MP20240098,"Drainage line construction at Ward 11, Kanpur",Sanitation,Farhan Qureshi,Rajya Sabha,Uttar Pradesh,Kanpur,"Rural Engineering Service, Kanpur",2024-05-04,2024-06-11,2347333.94,2460575.63,1077426.28,45.9,2025-03-15,,In Progress,5963,0.89,2024-25
MP20240099,"Volleyball court at Sundar Vihar, Kanpur",Sports and Youth,Meera Yadav,Lok Sabha,Uttar Pradesh,Kanpur,"Rural Engineering Service, Kanpur",2024-02-05,2024-05-14,2974035.56,2921785.82,871392.42,29.3,2025-02-20,,In Progress,11130,0.97,2024-25
MP20250100,"Solid waste collection vehicles for Subhash Nagar, Kanpur",Sanitation,Anil Deshmukh,Lok Sabha,Uttar Pradesh,Kanpur,"PWD Division, Kanpur",2025-09-18,2025-10-08,1436861.38,1503044.85,1373432.49,100.0,2026-03-28,2026-02-02,Completed,5377,0.8,2025-26
MP20250101,"Open gym equipment at Nehru Ward, Kanpur",Sports and Youth,Vikram Chauhan,Rajya Sabha,Uttar Pradesh,Kanpur,"Rural Engineering Service, Kanpur",2025-01-28,2025-03-14,1626643.43,1561326.38,1701833.62,100.0,2025-12-28,2025-11-14,Completed,3797,0.78,2024-25
MP20250102,"Dialysis unit equipment at Patel Nagar, Kanpur",Health,J. Baruah,Lok Sabha,Uttar Pradesh,Kanpur,"Jal Nigam, Kanpur",2025-03-26,2025-05-18,3591544.8,3639147.22,3399072.47,100.0,2025-12-27,2026-01-19,Completed,10602,0.44,2025-26
MP20250103,"Upgradation of sub-centre at Station Road, Kanpur",Health,Anil Deshmukh,Lok Sabha,Uttar Pradesh,Kanpur,"Block Development Office, Kanpur",2025-02-03,2025-05-21,1178332.33,1131041.05,1093870.56,100.0,2025-10-01,2025-09-13,Completed,9223,0.84,2025-26
MP20260104,"Renovation of panchayat bhavan at Tilak Road, Kanpur",Community Assets,Kavita Sharma,Lok Sabha,Uttar Pradesh,Kanpur,"Jal Nigam, Kanpur",2026-05-10,2026-06-18,1458822.04,1520803.09,1147845.63,19.3,2027-05-12,,In Progress,17088,0.85,2026-27
MP20240105,"Library building at Laxmi Nagar, Kanpur",Education,Sunita Rao,Lok Sabha,Uttar Pradesh,Kanpur,"PWD Division, Kanpur",2024-07-17,2024-08-06,3782833.3,3943976.53,3666491.22,100.0,2025-07-06,2025-07-06,Completed,3142,0.95,2024-25
MP20260106,"Renovation of panchayat bhavan at Krishna Nagar, Kanpur",Community Assets,Kavita Sharma,Lok Sabha,Uttar Pradesh,Kanpur,"Jal Nigam, Kanpur",2026-04-18,2026-06-05,3283678.78,3308460.84,818889.72,25.7,2027-03-29,,In Progress,14064,0.94,2026-27
MP20250107,"Ambulance for PHC Bhagat Singh Colony, Kanpur",Health,Latha Menon,Lok Sabha,Uttar Pradesh,Kanpur,"Zilla Parishad, Kanpur",2025-08-10,2025-11-17,6165180.59,6208902.76,6093029.81,100.0,2026-07-12,2026-06-15,Completed,16909,0.77,2025-26
MP20260108,"Community hall at Ambedkar Vasti, Kanpur",Community Assets,Vikram Chauhan,Rajya Sabha,Uttar Pradesh,Kanpur,"Zilla Parishad, Kanpur",2026-04-10,2026-06-14,4159212.77,3969927.51,2455998.12,57.8,2026-11-14,,In Progress,12917,0.76,2026-27
MP20240109,"Playground development at Vidya Nagar, Gorakhpur",Sports and Youth,Meera Yadav,Lok Sabha,Uttar Pradesh,Gorakhpur,"Rural Engineering Service, Gorakhpur",2024-07-07,2024-10-19,2137662.71,2152328.65,2148024.07,100.0,2025-03-05,2025-05-22,Completed,888,0.72,2024-25
MP20250110,"Smart classroom facility at Krishna Nagar, Gorakhpur",Education,P. Nagarajan,Lok Sabha,Uttar Pradesh,Gorakhpur,"Zilla Parishad, Gorakhpur",2025-08-14,2025-11-28,1437126.85,1414815.65,1303646.32,100.0,2026-06-20,2026-07-24,Completed,10681,0.83,2025-26
MP20260111,"Library building at Ward 4, Gorakhpur",Education,J. Baruah,Lok Sabha,Uttar Pradesh,Gorakhpur,"Municipal Corporation, Gorakhpur",2025-10-14,2026-01-09,5876472.22,5829015.68,8210266.62,55.8,2026-08-31,,In Progress,6075,0.8,2025-26
MP20260112,"Additional classroom block at Govt School, Indira Colony, Gorakhpur",Education,R. Krishnan,Rajya Sabha,Uttar Pradesh,Gorakhpur,"Municipal Corporation, Gorakhpur",2026-01-21,2026-03-06,4842525.88,4722245.28,2311774.36,50.1,2027-02-15,,In Progress,13996,0.86,2025-26
MP20240113,"Open gym equipment at Ambedkar Vasti, Gorakhpur",Sports and Youth,J. Baruah,Lok Sabha,Uttar Pradesh,Gorakhpur,"PWD Division, Gorakhpur",2024-06-13,2024-10-01,2514710.61,2456297.12,2428637.98,100.0,2025-11-08,2025-10-18,Completed,2753,0.91,2024-25
MP20250114,"Open gym equipment at Shivaji Nagar, Gorakhpur",Sports and Youth,J. Baruah,Lok Sabha,Uttar Pradesh,Gorakhpur,"Jal Nigam, Gorakhpur",2025-03-17,2025-04-14,1487736.94,1518045.55,1515981.21,100.0,2025-10-06,2025-12-16,Completed,17141,0.8,2025-26
MP20260115,"High mast light installation at Ward 4, Gorakhpur",Electricity and Solar,Farhan Qureshi,Rajya Sabha,Uttar Pradesh,Gorakhpur,"Rural Engineering Service, Gorakhpur",2025-12-27,2026-03-02,3777816.75,3952469.57,3443382.33,100.0,2026-08-23,2026-07-04,Completed,11928,0.85,2025-26
MP20250116,"Playground development at Sundar Vihar, Gorakhpur",Sports and Youth,Latha Menon,Lok Sabha,Uttar Pradesh,Gorakhpur,"Block Development Office, Gorakhpur",2024-11-06,2025-03-04,687854.97,681850.76,634360.06,100.0,2025-08-08,2025-07-19,Completed,5556,0.93,2024-25
MP20240117,"Playground development at Bhagat Singh Colony, Gorakhpur",Sports and Youth,Kavita Sharma,Lok Sabha,Uttar Pradesh,Gorakhpur,"Zilla Parishad, Gorakhpur",2024-08-13,2024-12-11,1847631.94,1906920.12,1722280.31,100.0,2025-11-11,2025-09-15,Completed,13799,0.99,2024-25
MP20250118,"Drainage line construction at Nehru Ward, Gorakhpur",Sanitation,Meera Yadav,Lok Sabha,Uttar Pradesh,Gorakhpur,"Jal Nigam, Gorakhpur",2025-08-12,2025-11-05,1764645.13,1796206.85,1269914.37,72.6,2026-10-18,,In Progress,13969,0.79,2025-26
MP20240119,"Community hall at Bhagat Singh Colony, Gorakhpur",Community Assets,J. Baruah,Lok Sabha,Uttar Pradesh,Gorakhpur,"Block Development Office, Gorakhpur",2024-05-30,2024-07-27,3638361.44,3677913.26,3469407.87,100.0,2025-08-22,2025-11-16,Completed,6300,0.9,2024-25
MP20260120,"Community hall at Subhash Nagar, Bengaluru Urban",Community Assets,Meera Yadav,Lok Sabha,Karnataka,Bengaluru Urban,"Block Development Office, Bengaluru Urban",2025-10-15,2026-01-17,549471.98,547314.13,184073.11,33.5,2026-08-12,,In Progress,18464,0.87,2025-26
MP20250121,"Volleyball court at Sundar Vihar, Bengaluru Urban",Sports and Youth,Vikram Chauhan,Rajya Sabha,Karnataka,Bengaluru Urban,"PWD Division, Bengaluru Urban",2025-05-22,2025-07-21,2576633.26,2679489.53,2411741.85,100.0,2026-01-01,2026-03-17,Completed,11825,0.5,2025-26
MP20250122,"Repair of approach road near Patel Nagar, Bengaluru Urban",Roads and Bridges,Meera Yadav,Lok Sabha,Karnataka,Bengaluru Urban,"Block Development Office, Bengaluru Urban",2025-10-21,2025-12-28,7667431.9,7415827.48,5491920.26,79.1,2026-08-22,,In Progress,15872,0.46,2025-26
MP20240123,"Renovation of panchayat bhavan at Ambedkar Vasti, Bengaluru Urban",Community Assets,Kavita Sharma,Lok Sabha,Karnataka,Bengaluru Urban,"Block Development Office, Bengaluru Urban",2024-04-06,2024-04-27,2489865.41,2406653.85,2403099.33,100.0,2025-04-16,2025-03-14,Completed,1348,0.98,2024-25
MP20250124,"Dialysis unit equipment at Ambedkar Vasti, Bengaluru Urban",Health,R. Krishnan,Rajya Sabha,Karnataka,Bengaluru Urban,"Municipal Corporation, Bengaluru Urban",2025-08-16,2025-11-26,6638913.7,6863234.89,5231052.39,76.3,2027-01-11,,In Progress,9315,0.82,2025-26
MP20260125,"Construction of CC road at Gandhi Chowk, Bengaluru Urban",Roads and Bridges,J. Baruah,Lok Sabha,Karnataka,Bengaluru Urban,"PWD Division, Bengaluru Urban",2026-05-28,2026-06-21,5840985.28,5602624.61,1956607.91,37.1,2026-11-20,,In Progress,7867,0.97,2026-27
MP20250126,"Community toilet block at Indira Colony, Bengaluru Urban",Sanitation,Farhan Qureshi,Rajya Sabha,Karnataka,Bengaluru Urban,"Block Development Office, Bengaluru Urban",2025-05-04,2025-07-25,2496899.74,2379211.83,2605822.28,100.0,2026-03-09,2026-04-01,Completed,4595,0.97,2025-26
MP20250127,"Community toilet block at Subhash Nagar, Bengaluru Urban",Sanitation,P. Nagarajan,Lok Sabha,Karnataka,Bengaluru Urban,"Zilla Parishad, Bengaluru Urban",2025-07-05,2025-10-13,2226439.11,2271995.05,2090369.81,100.0,2026-05-24,2026-08-02,Completed,19269,0.9,2025-26
MP20260128,"Borewell with submersible pump at Sector 9, Bengaluru Urban",Drinking Water,J. Baruah,Lok Sabha,Karnataka,Bengaluru Urban,"Municipal Corporation, Bengaluru Urban",2026-03-29,2026-05-03,2233715.78,2253036.29,591535.45,28.1,2027-06-20,,In Progress,3245,0.78,2026-27
MP20240129,"Solar rooftop for school at Subhash Nagar, Bengaluru Urban",Electricity and Solar,Meera Yadav,Lok Sabha,Karnataka,Bengaluru Urban,"Zilla Parishad, Bengaluru Urban",2024-03-30,2024-05-22,1285358.86,1323175.94,1228030.17,100.0,2024-11-23,2025-01-18,Completed,4535,0.85,2024-25
MP20250130,"Community toilet block at Laxmi Nagar, Bengaluru Urban",Sanitation,Meera Yadav,Lok Sabha,Karnataka,Bengaluru Urban,"Block Development Office, Bengaluru Urban",2025-07-11,2025-11-06,2076019.52,2060245.71,2163445.66,100.0,2026-05-26,2026-05-07,Completed,21806,0.84,2025-26
MP20240131,"Community hall at Rampur village, Mysuru",Community Assets,R. Krishnan,Rajya Sabha,Karnataka,Mysuru,"Jal Nigam, Mysuru",2024-05-18,2024-08-26,1664060.92,1702216.48,1532943.61,100.0,2025-02-14,2025-01-20,Completed,9551,0.82,2024-25
MP20250132,"Playground development at Patel Nagar, Mysuru",Sports and Youth,Latha Menon,Lok Sabha,Karnataka,Mysuru,"Block Development Office, Mysuru",2025-04-08,2025-05-25,1983464.71,1920413.47,1904629.41,100.0,2026-03-30,2026-02-04,Completed,15565,0.95,2025-26
MP20250133,"Repair of approach road near Gandhi Chowk, Mysuru",Roads and Bridges,R. Krishnan,Rajya Sabha,Karnataka,Mysuru,"Block Development Office, Mysuru",2025-08-06,2025-11-06,4666921.06,4521858.63,4710273.67,100.0,2026-06-05,2026-05-06,Completed,20859,0.77,2025-26
MP20240134,"Volleyball court at Rampur village, Mysuru",Sports and Youth,Kavita Sharma,Lok Sabha,Karnataka,Mysuru,"Block Development Office, Mysuru",2024-04-02,2024-07-05,892203.96,869147.11,895148.48,100.0,2025-04-12,2025-03-23,Completed,11993,0.97,2024-25
MP20250135,"Volleyball court at Sector 9, Mysuru",Sports and Youth,Latha Menon,Lok Sabha,Karnataka,Mysuru,"Municipal Corporation, Mysuru",2024-09-27,2025-01-10,645399.45,661380.23,644016.45,100.0,2025-08-27,2025-07-26,Completed,6924,0.82,2024-25
MP20250136,"Solar rooftop for school at Shivaji Nagar, Mysuru",Electricity and Solar,Latha Menon,Lok Sabha,Karnataka,Mysuru,"Municipal Corporation, Mysuru",2024-10-30,2025-01-07,3400071.29,3292697.06,3554817.96,100.0,2025-10-23,2025-12-27,Completed,4018,0.77,2024-25
MP20240137,"Solid waste collection vehicles for Station Road, Mysuru",Sanitation,P. Nagarajan,Lok Sabha,Karnataka,Mysuru,"Zilla Parishad, Mysuru",2024-02-06,2024-05-15,316826.1,319630.49,315808.03,100.0,2024-11-28,2024-10-03,Completed,18851,0.77,2024-25
MP20260138,"Borewell with submersible pump at Subhash Nagar, Mysuru",Drinking Water,Meera Yadav,Lok Sabha,Karnataka,Mysuru,"Rural Engineering Service, Mysuru",2026-04-10,2026-05-20,2725558.78,2795540.43,1096679.89,41.9,2026-12-17,,In Progress,15865,0.98,2026-27
MP20250139,"Playground development at Laxmi Nagar, Mysuru",Sports and Youth,Sunita Rao,Lok Sabha,Karnataka,Mysuru,"PWD Division, Mysuru",2024-12-07,2025-01-25,2684989.57,2691978.61,2668685.21,100.0,2026-01-31,2026-02-01,Completed,4938,0.81,2024-25
MP20240140,"Repair of approach road near Patel Nagar, Mysuru",Roads and Bridges,J. Baruah,Lok Sabha,Karnataka,Mysuru,"PWD Division, Mysuru",2024-04-05,2024-05-04,6066365.9,6221673.5,10660572.18,66.0,2025-05-26,,In Progress,19721,0.92,2024-25
MP20240141,"Smart classroom facility at Rampur village, Mysuru",Education,Meera Yadav,Lok Sabha,Karnataka,Mysuru,"PWD Division, Mysuru",2024-05-12,2024-07-21,2611536.86,2617617.82,890534.07,34.1,2025-02-04,,In Progress,6952,0.92,2024-25
MP20240142,"Construction of CC road at Sundar Vihar, Mysuru",Roads and Bridges,Vikram Chauhan,Rajya Sabha,Karnataka,Mysuru,"Jal Nigam, Mysuru",2024-01-28,2024-05-13,5663690.69,5751960.67,5708444.14,100.0,2025-05-09,2025-07-17,Completed,16734,0.96,2024-25
MP20260143,"Construction of CC road at Sector 9, Mysuru",Roads and Bridges,Sunita Rao,Lok Sabha,Karnataka,Mysuru,"Jal Nigam, Mysuru",2026-06-20,2026-07-18,6855165.86,6843667.69,1852544.84,26.1,2026-12-02,,In Progress,13222,0.79,2026-27
MP20260144,"Library building at Sundar Vihar, Mysuru",Education,J. Baruah,Lok Sabha,Karnataka,Mysuru,"PWD Division, Mysuru",2026-01-13,2026-05-03,5113510.3,5311326.16,3932789.81,15.3,2027-04-08,,In Progress,9326,0.99,2026-27
MP20240145,"Upgradation of sub-centre at Ward 11, Belagavi",Health,Meera Yadav,Lok Sabha,Karnataka,Belagavi,"Municipal Corporation, Belagavi",2024-09-09,2024-10-27,1125124.13,1162570.75,1039003.67,100.0,2025-12-20,2026-02-01,Completed,17304,0.83,2024-25
MP20240146,"Solid waste collection vehicles for Sector 9, Belagavi",Sanitation,Anil Deshmukh,Lok Sabha,Karnataka,Belagavi,"Jal Nigam, Belagavi",2024-04-17,2024-07-17,405044.27,403956.48,397363.34,100.0,2025-02-20,2025-01-22,Completed,6928,0.99,2024-25
MP20240147,"Ambulance for PHC Ambedkar Vasti, Belagavi",Health,R. Krishnan,Rajya Sabha,Karnataka,Belagavi,"Municipal Corporation, Belagavi",2024-11-07,2024-12-27,5386710.42,5226098.37,969607.88,18.0,2025-09-02,,In Progress,8699,0.86,2024-25
MP20250148,"Construction of CC road at Ward 11, Belagavi",Roads and Bridges,J. Baruah,Lok Sabha,Karnataka,Belagavi,"Municipal Corporation, Belagavi",2025-05-23,2025-06-18,4871118.17,4859620.5,4906575.75,100.0,2026-02-14,2026-02-15,Completed,16041,0.76,2025-26
MP20250149,"Additional classroom block at Govt School, Subhash Nagar, Belagavi",Education,J. Baruah,Lok Sabha,Karnataka,Belagavi,"Rural Engineering Service, Belagavi",2025-09-17,2025-12-15,2100713.65,2005991.02,2199540.21,100.0,2026-06-18,2026-08-23,Completed,12567,0.79,2025-26
MP20260150,"High mast light installation at Gandhi Chowk, Belagavi",Electricity and Solar,Meera Yadav,Lok Sabha,Karnataka,Belagavi,"Zilla Parishad, Belagavi",2025-11-08,2026-02-05,2735959.97,2612505.05,1659188.53,67.3,2027-01-10,,In Progress,270,0.8,2025-26
MP20250151,"Open gym equipment at Station Road, Belagavi",Sports and Youth,Kavita Sharma,Lok Sabha,Karnataka,Belagavi,"Zilla Parishad, Belagavi",2024-12-18,2025-04-06,739292.19,731551.96,679731.83,100.0,2026-01-10,2026-04-01,Completed,20648,0.77,2025-26
MP20250152,"Ambulance for PHC Ward 11, Belagavi",Health,Vikram Chauhan,Rajya Sabha,Karnataka,Belagavi,"Jal Nigam, Belagavi",2025-07-07,2025-10-24,7025761.27,7083032.93,4401353.71,64.7,2026-12-17,,In Progress,3943,0.76,2025-26
MP20260153,"Repair of approach road near Patel Nagar, Belagavi",Roads and Bridges,Sunita Rao,Lok Sabha,Karnataka,Belagavi,"Rural Engineering Service, Belagavi",2025-12-26,2026-02-14,3755892.88,3662947.71,3034704.08,5.1,2026-08-12,,In Progress,19026,0.73,2025-26
MP20260154,"High mast light installation at Gandhi Chowk, Belagavi",Electricity and Solar,Kavita Sharma,Lok Sabha,Karnataka,Belagavi,"Zilla Parishad, Belagavi",2026-02-28,2026-05-12,4004850.44,3877904.92,1570781.84,38.6,2027-02-23,,In Progress,15456,0.91,2026-27
MP20250155,"Smart classroom facility at Rampur village, Belagavi",Education,Farhan Qureshi,Rajya Sabha,Karnataka,Belagavi,"Zilla Parishad, Belagavi",2024-11-26,2025-03-07,3270201.96,3306527.52,2939269.38,8.5,2025-10-30,,In Progress,2261,0.98,2024-25
MP20250156,"Renovation of panchayat bhavan at Sundar Vihar, Chennai",Community Assets,R. Krishnan,Rajya Sabha,Tamil Nadu,Chennai,"PWD Division, Chennai",2025-01-31,2025-04-29,1496014.24,1518547.68,1440341.37,100.0,2026-05-18,2026-04-08,Completed,8662,0.96,2025-26
MP20240157,"Repair of approach road near Ambedkar Vasti, Chennai",Roads and Bridges,Meera Yadav,Lok Sabha,Tamil Nadu,Chennai,"Block Development Office, Chennai",2024-06-02,2024-07-25,3935868.07,3878633.23,3935782.03,100.0,2025-08-22,2025-09-08,Completed,921,0.99,2024-25
MP20250158,"Installation of RO water plant at Subhash Nagar, Chennai",Drinking Water,Meera Yadav,Lok Sabha,Tamil Nadu,Chennai,"Rural Engineering Service, Chennai",2025-05-01,2025-07-13,2416284.74,2315260.86,2204908.86,100.0,2026-01-13,2026-02-27,Completed,15745,0.8,2025-26
MP20240159,"Construction of culvert at Bhagat Singh Colony, Chennai",Roads and Bridges,R. Krishnan,Rajya Sabha,Tamil Nadu,Chennai,"Jal Nigam, Chennai",2024-02-10,2024-04-20,1669267.28,1704044.68,1742180.31,100.0,2025-03-11,2025-02-14,Completed,1408,0.9,2024-25
MP20260160,"Solid waste collection vehicles for Vidya Nagar, Chennai",Sanitation,Meera Yadav,Lok Sabha,Tamil Nadu,Chennai,"Rural Engineering Service, Chennai",2026-01-17,2026-05-14,309205.99,309666.82,191959.27,67.4,2026-09-16,,In Progress,2493,0.96,2026-27
MP20260161,"Solar street lights at Gandhi Chowk, Chennai",Electricity and Solar,R. Krishnan,Rajya Sabha,Tamil Nadu,Chennai,"Rural Engineering Service, Chennai",2026-02-06,2026-04-06,1472213.22,1469714.73,1064230.43,19.4,2027-03-10,,In Progress,20852,1.0,2026-27
MP20250162,"Solid waste collection vehicles for Vidya Nagar, Chennai",Sanitation,Farhan Qureshi,Rajya Sabha,Tamil Nadu,Chennai,"Block Development Office, Chennai",2025-06-18,2025-09-10,940993.71,921172.68,986241.77,100.0,2026-02-02,2026-01-22,Completed,2327,0.98,2025-26
MP20250163,"Installation of RO water plant at Ward 11, Chennai",Drinking Water,J. Baruah,Lok Sabha,Tamil Nadu,Chennai,"Municipal Corporation, Chennai",2025-08-17,2025-09-14,1309798.18,1255491.44,1223098.87,98.5,2026-09-13,,In Progress,1951,0.78,2025-26
MP20250164,"Solid waste collection vehicles for Shivaji Nagar, Chennai",Sanitation,Meera Yadav,Lok Sabha,Tamil Nadu,Chennai,"Rural Engineering Service, Chennai",2025-03-31,2025-06-20,1863140.36,1856494.88,2476091.52,60.8,2026-03-23,,In Progress,5629,0.39,2025-26
MP20250165,"Borewell with submersible pump at Sundar Vihar, Chennai",Drinking Water,Sunita Rao,Lok Sabha,Tamil Nadu,Chennai,"Rural Engineering Service, Chennai",2025-02-25,2025-06-22,2440548.37,2356710.78,2405042.36,100.0,2026-08-08,2026-06-24,Completed,14027,0.4,2025-26
MP20250166,"Open gym equipment at Vidya Nagar, Chennai",Sports and Youth,Sunita Rao,Lok Sabha,Tamil Nadu,Chennai,"Rural Engineering Service, Chennai",2025-08-16,2025-10-12,2681549.84,2671514.33,2530107.24,100.0,2026-03-19,2026-05-27,Completed,9055,0.91,2025-26
MP20250167,"Community toilet block at Patel Nagar, Chennai",Sanitation,P. Nagarajan,Lok Sabha,Tamil Nadu,Chennai,"Block Development Office, Chennai",2025-10-08,2025-11-12,2305989.47,2271202.0,2319144.56,100.0,2026-06-08,2026-07-01,Completed,1045,0.75,2025-26
MP20240168,"Solar street lights at Sector 9, Chennai",Electricity and Solar,R. Krishnan,Rajya Sabha,Tamil Nadu,Chennai,"Zilla Parishad, Chennai",2024-02-10,2024-05-11,13312882.42,12800197.49,13312882.42,100.0,2025-07-03,2025-08-27,Completed,11428,0.86,2024-25
MP20250169,"Dialysis unit equipment at Indira Colony, Coimbatore",Health,J. Baruah,Lok Sabha,Tamil Nadu,Coimbatore,"Jal Nigam, Coimbatore",2025-11-11,2025-12-27,7174390.95,6871478.36,5663238.52,86.5,2026-08-01,,In Progress,20016,0.74,2025-26
MP20260170,"Solar rooftop for school at Patel Nagar, Coimbatore",Electricity and Solar,Sunita Rao,Lok Sabha,Tamil Nadu,Coimbatore,"Rural Engineering Service, Coimbatore",2025-11-24,2026-01-07,4414682.7,4515491.85,2589668.14,62.3,2027-02-11,,In Progress,6752,0.77,2025-26
MP20240171,"Library building at Ward 4, Coimbatore",Education,Latha Menon,Lok Sabha,Tamil Nadu,Coimbatore,"Block Development Office, Coimbatore",2024-05-04,2024-08-09,5638439.55,5766192.01,5449109.96,100.0,2025-08-08,2025-06-26,Completed,441,0.42,2024-25
MP20260172,"Ambulance for PHC Shivaji Nagar, Coimbatore",Health,J. Baruah,Lok Sabha,Tamil Nadu,Coimbatore,"Municipal Corporation, Coimbatore",2026-03-08,2026-04-18,5209049.71,5137644.93,2018829.4,40.9,2027-02-20,,In Progress,8801,0.99,2026-27
MP20250173,"Dialysis unit equipment at Laxmi Nagar, Coimbatore",Health,Meera Yadav,Lok Sabha,Tamil Nadu,Coimbatore,"Zilla Parishad, Coimbatore",2025-04-07,2025-05-10,4485122.19,4292687.2,4156152.28,100.0,2025-11-08,2025-10-21,Completed,3294,0.8,2025-26
MP20240174,"Renovation of panchayat bhavan at Laxmi Nagar, Coimbatore",Community Assets,Latha Menon,Lok Sabha,Tamil Nadu,Coimbatore,"PWD Division, Coimbatore",2024-05-02,2024-06-30,3221594.2,3209787.61,3071103.92,100.0,2025-06-27,2025-08-13,Completed,15680,0.88,2024-25
MP20250175,"Renovation of panchayat bhavan at Subhash Nagar, Coimbatore",Community Assets,Anil Deshmukh,Lok Sabha,Tamil Nadu,Coimbatore,"Block Development Office, Coimbatore",2025-01-23,2025-04-07,500347.35,507855.44,469658.68,100.0,2026-05-17,2026-08-07,Completed,18856,0.83,2025-26
MP20250176,"Crematorium shed at Ward 11, Coimbatore",Community Assets,Vikram Chauhan,Rajya Sabha,Tamil Nadu,Coimbatore,"PWD Division, Coimbatore",2024-11-10,2025-03-02,726243.74,702003.37,675292.7,100.0,2026-04-22,2026-05-02,Completed,8533,0.75,2024-25
MP20240177,"Ambulance for PHC Sundar Vihar, Coimbatore",Health,Sunita Rao,Lok Sabha,Tamil Nadu,Coimbatore,"PWD Division, Coimbatore",2024-04-03,2024-06-05,7342946.48,7379650.55,7010682.03,100.0,2024-11-18,2024-10-05,Completed,9054,0.75,2024-25
MP20240178,"Construction of culvert at Ward 4, Coimbatore",Roads and Bridges,Anil Deshmukh,Lok Sabha,Tamil Nadu,Coimbatore,"Block Development Office, Coimbatore",2024-05-07,2024-09-04,3202013.75,3313770.37,3246774.74,100.0,2025-04-17,2025-06-16,Completed,7107,0.89,2024-25
MP20260179,"Community toilet block at Sundar Vihar, Coimbatore",Sanitation,Sunita Rao,Lok Sabha,Tamil Nadu,Coimbatore,"Jal Nigam, Coimbatore",2026-01-14,2026-03-13,1219142.92,1204799.76,1114495.34,91.1,2026-08-21,,In Progress,8919,0.99,2025-26
MP20240180,"Crematorium shed at Sundar Vihar, Coimbatore",Community Assets,Latha Menon,Lok Sabha,Tamil Nadu,Coimbatore,"PWD Division, Coimbatore",2024-03-11,2024-06-25,3510851.21,3466384.71,3171140.2,100.0,2025-03-12,2025-03-25,Completed,1479,0.84,2024-25
MP20240181,"Ambulance for PHC Station Road, Coimbatore",Health,Meera Yadav,Lok Sabha,Tamil Nadu,Coimbatore,"Zilla Parishad, Coimbatore",2024-01-12,2024-04-13,4103963.46,3977423.48,6732369.5,86.0,2025-03-02,,In Progress,20922,0.83,2024-25
MP20240182,"Borewell with submersible pump at Gandhi Chowk, Madurai",Drinking Water,Sunita Rao,Lok Sabha,Tamil Nadu,Madurai,"Jal Nigam, Madurai",2024-06-20,2024-09-20,2748467.32,2872107.9,2540236.87,100.0,2025-03-03,2025-04-25,Completed,6822,0.75,2024-25
MP20240183,"Borewell with submersible pump at Shivaji Nagar, Madurai",Drinking Water,Vikram Chauhan,Rajya Sabha,Tamil Nadu,Madurai,"Block Development Office, Madurai",2023-11-26,2024-03-21,2827348.51,2908100.8,2345837.19,16.9,2025-03-06,,In Progress,1004,0.36,2023-24
MP20250184,"Solar rooftop for school at Sundar Vihar, Madurai",Electricity and Solar,Kavita Sharma,Lok Sabha,Tamil Nadu,Madurai,"Municipal Corporation, Madurai",2025-07-10,2025-11-06,4092529.09,3945612.4,2822370.0,4.9,2026-08-29,,In Progress,4243,0.83,2025-26
MP20260185,"Dialysis unit equipment at Tilak Road, Madurai",Health,J. Baruah,Lok Sabha,Tamil Nadu,Madurai,"Block Development Office, Madurai",2025-12-19,2026-01-29,1775241.87,1737125.27,781847.39,44.6,2027-03-02,,In Progress,3658,0.86,2025-26
MP20250186,"Solid waste collection vehicles for Krishna Nagar, Madurai",Sanitation,Farhan Qureshi,Rajya Sabha,Tamil Nadu,Madurai,"Zilla Parishad, Madurai",2024-11-18,2025-03-10,1978395.73,1935809.61,1905729.07,100.0,2025-09-22,2025-08-13,Completed,6652,0.97,2024-25
MP20250187,"Renovation of panchayat bhavan at Indira Colony, Madurai",Community Assets,Latha Menon,Lok Sabha,Tamil Nadu,Madurai,"PWD Division, Madurai",2025-05-21,2025-07-10,563995.65,537551.0,520108.65,100.0,2025-11-25,2026-01-09,Completed,7154,0.87,2025-26
MP20240188,"Additional classroom block at Govt School, Ward 4, Madurai",Education,Latha Menon,Lok Sabha,Tamil Nadu,Madurai,"Zilla Parishad, Madurai",2024-06-13,2024-10-07,2592247.23,2578958.41,2495753.9,100.0,2025-02-25,2025-03-21,Completed,14433,0.83,2024-25
MP20260189,"Upgradation of sub-centre at Krishna Nagar, Madurai",Health,P. Nagarajan,Lok Sabha,Tamil Nadu,Madurai,"PWD Division, Madurai",2026-03-08,2026-05-04,6934531.18,6604392.03,12771801.61,64.9,2026-12-28,,In Progress,14765,0.96,2026-27
MP20260190,"Ambulance for PHC Nehru Ward, Madurai",Health,Kavita Sharma,Lok Sabha,Tamil Nadu,Madurai,"Municipal Corporation, Madurai",2026-06-04,2026-06-26,1485511.38,1512026.65,235744.97,17.2,2027-06-12,,In Progress,636,0.73,2026-27
MP20240191,"Dialysis unit equipment at Laxmi Nagar, Madurai",Health,Sunita Rao,Lok Sabha,Tamil Nadu,Madurai,"Rural Engineering Service, Madurai",2024-07-29,2024-09-15,6036202.22,5764846.3,5941608.3,100.0,2025-07-10,2025-09-10,Completed,18248,0.54,2024-25
MP20260192,"Community toilet block at Vidya Nagar, Madurai",Sanitation,J. Baruah,Lok Sabha,Tamil Nadu,Madurai,"Rural Engineering Service, Madurai",2026-05-16,2026-07-21,1605112.56,1541796.0,129978.64,7.9,2027-09-12,,In Progress,14284,0.89,2026-27
MP20250193,"Library building at Shivaji Nagar, Madurai",Education,Anil Deshmukh,Lok Sabha,Tamil Nadu,Madurai,"Zilla Parishad, Madurai",2025-03-27,2025-07-18,961908.28,973412.32,900179.16,100.0,2026-06-10,2026-08-02,Completed,9070,0.83,2025-26
MP20250194,"Solar street lights at Ambedkar Vasti, Madurai",Electricity and Solar,Kavita Sharma,Lok Sabha,Tamil Nadu,Madurai,"Jal Nigam, Madurai",2025-01-19,2025-03-16,4746096.72,4653429.64,4413304.62,100.0,2025-09-29,2025-08-17,Completed,7323,0.74,2024-25
MP20240195,"Solar street lights at Sector 9, Madurai",Electricity and Solar,Vikram Chauhan,Rajya Sabha,Tamil Nadu,Madurai,"Rural Engineering Service, Madurai",2024-02-22,2024-03-28,3569062.5,3582432.97,3423584.91,100.0,2025-03-13,2025-02-25,Completed,9107,0.9,2023-24
MP20250196,"Solid waste collection vehicles for Bhagat Singh Colony, Patna",Sanitation,Sunita Rao,Lok Sabha,Bihar,Patna,"Rural Engineering Service, Patna",2025-03-15,2025-07-09,688613.0,689936.95,697357.85,100.0,2025-12-07,2025-10-10,Completed,5667,0.86,2025-26
MP20260197,"Crematorium shed at Shivaji Nagar, Patna",Community Assets,R. Krishnan,Rajya Sabha,Bihar,Patna,"Municipal Corporation, Patna",2026-04-21,2026-07-23,2285699.68,2339909.96,183028.05,8.7,2027-08-25,,In Progress,6287,0.73,2026-27
MP20240198,"Community toilet block at Gandhi Chowk, Patna",Sanitation,P. Nagarajan,Lok Sabha,Bihar,Patna,"Zilla Parishad, Patna",2024-11-01,2024-12-20,2387008.13,2276584.13,2175910.69,100.0,2025-12-19,2025-12-14,Completed,5624,0.8,2024-25
MP20240199,"Additional classroom block at Govt School, Shivaji Nagar, Patna",Education,Anil Deshmukh,Lok Sabha,Bihar,Patna,"Jal Nigam, Patna",2024-08-03,2024-10-26,2289756.6,2374172.58,2222305.5,100.0,2025-04-06,2025-03-13,Completed,12397,0.8,2024-25
MP20250200,"Installation of RO water plant at Station Road, Patna",Drinking Water,Anil Deshmukh,Lok Sabha,Bihar,Patna,"Municipal Corporation, Patna",2025-09-23,2025-12-12,3089896.11,3023109.83,1686107.51,53.0,2026-12-23,,In Progress,8372,0.84,2025-26
MP20240201,"Playground development at Subhash Nagar, Patna",Sports and Youth,Meera Yadav,Lok Sabha,Bihar,Patna,"Jal Nigam, Patna",2024-08-01,2024-11-22,2515879.95,2454103.59,2275451.66,100.0,2025-05-15,2025-07-07,Completed,10839,0.9,2024-25
MP20240202,"Borewell with submersible pump at Nehru Ward, Patna",Drinking Water,Vikram Chauhan,Rajya Sabha,Bihar,Patna,"PWD Division, Patna",2024-03-26,2024-07-24,1912844.92,1925123.88,2823619.26,92.0,2025-09-02,,In Progress,14540,0.78,2024-25
MP20250203,"Construction of overhead water tank at Patel Nagar, Patna",Drinking Water,Sunita Rao,Lok Sabha,Bihar,Patna,"Zilla Parishad, Patna",2025-09-20,2025-12-31,3582136.05,3490083.96,3265172.33,100.0,2026-05-17,2026-04-12,Completed,10977,0.95,2025-26
MP20240204,"Library building at Gandhi Chowk, Patna",Education,R. Krishnan,Rajya Sabha,Bihar,Patna,"Rural Engineering Service, Patna",2024-02-19,2024-04-08,2750631.85,2673547.03,2635312.57,100.0,2024-12-10,2025-02-15,Completed,21104,0.91,2024-25
MP20250205,"Installation of RO water plant at Patel Nagar, Patna",Drinking Water,R. Krishnan,Rajya Sabha,Bihar,Patna,"Zilla Parishad, Patna",2025-06-14,2025-09-16,502299.0,516305.79,416838.82,91.9,2026-10-03,,In Progress,12107,0.95,2025-26
MP20250206,"Borewell with submersible pump at Tilak Road, Patna",Drinking Water,Vikram Chauhan,Rajya Sabha,Bihar,Patna,"Municipal Corporation, Patna",2024-11-08,2025-01-31,2192808.02,2249601.22,2012675.1,100.0,2025-07-01,2025-09-03,Completed,14989,0.97,2024-25
MP20250207,"Construction of overhead water tank at Indira Colony, Patna",Drinking Water,Meera Yadav,Lok Sabha,Bihar,Patna,"Rural Engineering Service, Patna",2024-12-31,2025-01-30,2045957.39,1959469.39,1323103.43,3.2,2025-12-20,,In Progress,14628,0.84,2024-25
MP20240208,"Construction of CC road at Ward 11, Patna",Roads and Bridges,J. Baruah,Lok Sabha,Bihar,Patna,"Zilla Parishad, Patna",2024-02-29,2024-05-19,4284695.06,4222232.53,4087246.21,100.0,2025-04-25,2025-06-02,Completed,9693,0.86,2024-25
MP20250209,"Drainage line construction at Ambedkar Vasti, Patna",Sanitation,J. Baruah,Lok Sabha,Bihar,Patna,"Municipal Corporation, Patna",2025-04-16,2025-07-14,2306553.83,2222460.1,2236189.77,100.0,2026-04-23,2026-03-20,Completed,1430,0.73,2025-26
MP20240210,"Solar street lights at Rampur village, Patna",Electricity and Solar,Anil Deshmukh,Lok Sabha,Bihar,Patna,"Jal Nigam, Patna",2024-04-08,2024-05-10,3280178.61,3176013.2,3360629.32,100.0,2025-03-13,2025-03-23,Completed,6909,0.52,2024-25
MP20240211,"Volleyball court at Sundar Vihar, Patna",Sports and Youth,Latha Menon,Lok Sabha,Bihar,Patna,"Zilla Parishad, Patna",2024-02-21,2024-05-13,1879243.18,1974485.01,1744141.57,100.0,2025-04-17,2025-03-14,Completed,15282,0.98,2024-25
MP20240212,"Solar street lights at Patel Nagar, Gaya",Electricity and Solar,P. Nagarajan,Lok Sabha,Bihar,Gaya,"Zilla Parishad, Gaya",2024-06-27,2024-09-28,2361004.96,2248793.11,2264656.59,100.0,2025-05-31,2025-05-14,Completed,11447,0.74,2024-25
MP20240213,"Solar rooftop for school at Sector 9, Gaya",Electricity and Solar,Kavita Sharma,Lok Sabha,Bihar,Gaya,"Jal Nigam, Gaya",2024-07-15,2024-11-01,2420302.78,2306146.24,2315172.55,100.0,2025-06-02,2025-05-13,Completed,11138,0.91,2024-25
MP20250214,"Construction of CC road at Indira Colony, Gaya",Roads and Bridges,Latha Menon,Lok Sabha,Bihar,Gaya,"Block Development Office, Gaya",2024-11-07,2025-01-30,5146175.54,5256222.84,5278952.55,100.0,2025-08-30,2025-07-25,Completed,14391,0.74,2024-25
MP20240215,"High mast light installation at Sundar Vihar, Gaya",Electricity and Solar,Meera Yadav,Lok Sabha,Bihar,Gaya,"Jal Nigam, Gaya",2024-08-04,2024-09-12,4886781.69,4878416.96,5096746.6,100.0,2025-06-15,2025-05-11,Completed,20118,0.79,2024-25
MP20250216,"Construction of culvert at Tilak Road, Gaya",Roads and Bridges,Anil Deshmukh,Lok Sabha,Bihar,Gaya,"Jal Nigam, Gaya",2025-01-30,2025-05-29,7875785.54,8187016.41,11203448.07,72.6,2026-05-08,,In Progress,9414,0.85,2025-26
MP20240217,"Open gym equipment at Subhash Nagar, Gaya",Sports and Youth,Farhan Qureshi,Rajya Sabha,Bihar,Gaya,"Rural Engineering Service, Gaya",2024-10-12,2024-11-24,2563164.21,2584833.66,2406114.62,100.0,2025-08-20,2025-09-05,Completed,4873,0.98,2024-25
MP20240218,"Smart classroom facility at Sector 9, Gaya",Education,Kavita Sharma,Lok Sabha,Bihar,Gaya,"Municipal Corporation, Gaya",2024-04-25,2024-07-12,3482249.67,3414068.12,689485.43,19.8,2025-08-02,,In Progress,8732,0.72,2024-25
MP20250219,"Additional classroom block at Govt School, Laxmi Nagar, Gaya",Education,Farhan Qureshi,Rajya Sabha,Bihar,Gaya,"Zilla Parishad, Gaya",2025-05-22,2025-06-30,3114212.53,3118414.08,2962035.79,100.0,2026-04-13,2026-04-19,Completed,15088,0.82,2025-26
MP20250220,"Additional classroom block at Govt School, Patel Nagar, Gaya",Education,P. Nagarajan,Lok Sabha,Bihar,Gaya,"Jal Nigam, Gaya",2024-09-30,2025-01-22,1115887.51,1069112.18,1086059.21,100.0,2026-03-06,2026-04-17,Completed,5372,0.79,2024-25
MP20250221,"Volleyball court at Ward 11, Gaya",Sports and Youth,R. Krishnan,Rajya Sabha,Bihar,Gaya,"Jal Nigam, Gaya",2025-07-13,2025-08-24,1737011.4,1707451.52,1503580.08,83.7,2026-09-21,,In Progress,20465,0.78,2025-26
MP20250222,"Crematorium shed at Nehru Ward, Gaya",Community Assets,Vikram Chauhan,Rajya Sabha,Bihar,Gaya,"Block Development Office, Gaya",2025-05-21,2025-06-16,1925193.48,1839016.86,1854327.82,100.0,2025-10-19,2025-08-21,Completed,12062,0.91,2025-26
MP20250223,"Repair of approach road near Patel Nagar, Gaya",Roads and Bridges,Farhan Qureshi,Rajya Sabha,Bihar,Gaya,"Block Development Office, Gaya",2025-08-17,2025-10-17,7470901.43,7675045.78,6786364.28,100.0,2026-07-04,2026-06-29,Completed,20350,0.73,2025-26
MP20250224,"Crematorium shed at Laxmi Nagar, Muzaffarpur",Community Assets,Latha Menon,Lok Sabha,Bihar,Muzaffarpur,"Block Development Office, Muzaffarpur",2024-11-01,2025-01-23,1771054.76,1847321.65,1596125.76,100.0,2026-01-13,2026-02-06,Completed,14295,0.87,2024-25
MP20240225,"Renovation of panchayat bhavan at Subhash Nagar, Muzaffarpur",Community Assets,Farhan Qureshi,Rajya Sabha,Bihar,Muzaffarpur,"Municipal Corporation, Muzaffarpur",2024-10-16,2024-11-11,3625860.24,3527775.4,3282598.97,100.0,2025-08-19,2025-08-16,Completed,7357,0.88,2024-25
MP20240226,"Construction of CC road at Patel Nagar, Muzaffarpur",Roads and Bridges,Sunita Rao,Lok Sabha,Bihar,Muzaffarpur,"Block Development Office, Muzaffarpur",2024-05-07,2024-07-11,7009938.06,7365153.82,7234984.45,100.0,2025-06-09,2025-06-13,Completed,1027,0.81,2024-25
MP20250227,"Open gym equipment at Bhagat Singh Colony, Muzaffarpur",Sports and Youth,J. Baruah,Lok Sabha,Bihar,Muzaffarpur,"Municipal Corporation, Muzaffarpur",2025-11-25,2025-12-22,2295498.33,2212292.0,1733524.52,77.6,2026-10-10,,In Progress,468,0.74,2025-26
MP20240228,"Solar rooftop for school at Ambedkar Vasti, Muzaffarpur",Electricity and Solar,P. Nagarajan,Lok Sabha,Bihar,Muzaffarpur,"Jal Nigam, Muzaffarpur",2024-08-13,2024-11-17,858948.61,852180.85,826905.46,100.0,2025-06-15,2025-04-16,Completed,7240,0.88,2024-25
MP20240229,"Installation of RO water plant at Patel Nagar, Muzaffarpur",Drinking Water,Farhan Qureshi,Rajya Sabha,Bihar,Muzaffarpur,"PWD Division, Muzaffarpur",2024-06-25,2024-07-28,2716829.96,2771280.36,2751860.86,100.0,2025-06-05,2025-05-13,Completed,7292,0.97,2024-25
MP20240230,"Borewell with submersible pump at Rampur village, Muzaffarpur",Drinking Water,Farhan Qureshi,Rajya Sabha,Bihar,Muzaffarpur,"Jal Nigam, Muzaffarpur",2024-05-12,2024-09-09,2654872.33,2785683.79,2416372.2,100.0,2025-02-08,2025-01-02,Completed,5415,0.92,2024-25
MP20240231,"High mast light installation at Krishna Nagar, Muzaffarpur",Electricity and Solar,Sunita Rao,Lok Sabha,Bihar,Muzaffarpur,"Zilla Parishad, Muzaffarpur",2024-03-29,2024-06-05,2645513.26,2545282.27,2391595.24,100.0,2025-07-30,2025-07-15,Completed,10841,0.88,2024-25
MP20240232,"Construction of culvert at Ward 4, Muzaffarpur",Roads and Bridges,Farhan Qureshi,Rajya Sabha,Bihar,Muzaffarpur,"Jal Nigam, Muzaffarpur",2023-12-17,2024-03-25,4112646.71,4327926.93,3765525.44,100.0,2025-04-10,2025-06-13,Completed,21321,0.99,2023-24
MP20250233,"Community toilet block at Ambedkar Vasti, Muzaffarpur",Sanitation,Sunita Rao,Lok Sabha,Bihar,Muzaffarpur,"PWD Division, Muzaffarpur",2024-12-31,2025-03-17,904230.09,942339.21,875754.79,100.0,2025-09-04,2025-08-07,Completed,522,0.88,2024-25
MP20250234,"Additional classroom block at Govt School, Rampur village, Muzaffarpur",Education,J. Baruah,Lok Sabha,Bihar,Muzaffarpur,"PWD Division, Muzaffarpur",2025-10-03,2025-12-06,1390628.62,1453413.28,1434964.62,100.0,2026-05-06,2026-03-18,Completed,4256,0.84,2025-26
MP20250235,"Crematorium shed at Sector 9, Muzaffarpur",Community Assets,P. Nagarajan,Lok Sabha,Bihar,Muzaffarpur,"Zilla Parishad, Muzaffarpur",2024-12-03,2025-03-23,1153603.54,1171598.92,1050322.16,100.0,2025-07-26,2025-09-29,Completed,5569,1.0,2024-25
MP20250236,"Renovation of panchayat bhavan at Indira Colony, Muzaffarpur",Community Assets,Meera Yadav,Lok Sabha,Bihar,Muzaffarpur,"Rural Engineering Service, Muzaffarpur",2025-04-06,2025-07-17,3707897.46,3862164.47,3711676.29,100.0,2026-05-25,2026-04-24,Completed,15695,0.98,2025-26
MP20240237,"Borewell with submersible pump at Rampur village, Muzaffarpur",Drinking Water,Kavita Sharma,Lok Sabha,Bihar,Muzaffarpur,"Zilla Parishad, Muzaffarpur",2024-09-18,2024-11-20,2806125.93,2828379.45,2939694.56,100.0,2025-11-24,2025-10-27,Completed,16961,0.77,2024-25
MP20240238,"Repair of approach road near Tilak Road, Jaipur",Roads and Bridges,Meera Yadav,Lok Sabha,Rajasthan,Jaipur,"Jal Nigam, Jaipur",2024-06-21,2024-08-31,8112375.33,8225577.24,8455108.64,100.0,2025-03-23,2025-02-03,Completed,18890,0.84,2024-25
MP20250239,"Ambulance for PHC Shivaji Nagar, Jaipur",Health,Anil Deshmukh,Lok Sabha,Rajasthan,Jaipur,"PWD Division, Jaipur",2025-03-30,2025-07-13,6830158.92,6679709.92,6201395.79,100.0,2026-05-02,2026-03-14,Completed,1733,0.72,2025-26
MP20250240,"Upgradation of sub-centre at Subhash Nagar, Jaipur",Health,Sunita Rao,Lok Sabha,Rajasthan,Jaipur,"Municipal Corporation, Jaipur",2024-12-31,2025-03-20,6778442.59,7026876.27,8911848.52,55.8,2026-04-27,,In Progress,13509,0.98,2024-25
MP20240241,"Solar rooftop for school at Laxmi Nagar, Jaipur",Electricity and Solar,Vikram Chauhan,Rajya Sabha,Rajasthan,Jaipur,"Rural Engineering Service, Jaipur",2024-04-17,2024-05-18,2022051.41,2087860.84,1888098.54,100.0,2024-11-28,2024-11-17,Completed,15403,0.87,2024-25
MP20250242,"Construction of culvert at Subhash Nagar, Jaipur",Roads and Bridges,Kavita Sharma,Lok Sabha,Rajasthan,Jaipur,"Rural Engineering Service, Jaipur",2025-11-12,2025-12-14,6029279.72,5947347.28,4371689.83,70.4,2026-10-14,,In Progress,13594,0.5,2025-26
MP20250243,"Repair of approach road near Rampur village, Jaipur",Roads and Bridges,Sunita Rao,Lok Sabha,Rajasthan,Jaipur,"PWD Division, Jaipur",2025-04-17,2025-06-28,1937309.96,1953610.83,1791921.46,100.0,2025-11-19,2025-11-21,Completed,19415,0.99,2025-26
MP20240244,"Borewell with submersible pump at Sector 9, Jaipur",Drinking Water,J. Baruah,Lok Sabha,Rajasthan,Jaipur,"Zilla Parishad, Jaipur",2024-05-16,2024-08-19,630617.31,659721.63,633958.7,100.0,2025-08-08,2025-09-29,Completed,7504,0.73,2024-25
MP20240245,"Community hall at Sector 9, Jaipur",Community Assets,Farhan Qureshi,Rajya Sabha,Rajasthan,Jaipur,"Block Development Office, Jaipur",2024-05-05,2024-07-23,571609.57,600862.06,560699.73,100.0,2025-04-19,2025-04-19,Completed,13521,0.99,2024-25
MP20240246,"Open gym equipment at Krishna Nagar, Jaipur",Sports and Youth,P. Nagarajan,Lok Sabha,Rajasthan,Jaipur,"Jal Nigam, Jaipur",2024-02-25,2024-04-02,544827.74,531408.9,532494.03,100.0,2025-03-11,2025-05-13,Completed,10626,0.83,2024-25
MP20240247,"Construction of CC road at Laxmi Nagar, Jaipur",Roads and Bridges,Anil Deshmukh,Lok Sabha,Rajasthan,Jaipur,"Municipal Corporation, Jaipur",2024-02-01,2024-05-10,1601886.68,1559234.29,1442760.58,100.0,2024-09-27,2024-10-01,Completed,5816,0.99,2024-25
MP20240248,"Ambulance for PHC Laxmi Nagar, Jaipur",Health,Anil Deshmukh,Lok Sabha,Rajasthan,Jaipur,"Municipal Corporation, Jaipur",2024-07-12,2024-09-13,4269918.42,4406088.09,4196008.67,100.0,2025-06-15,2025-08-06,Completed,12951,0.82,2024-25
MP20260249,"Construction of CC road at Indira Colony, Jaipur",Roads and Bridges,Kavita Sharma,Lok Sabha,Rajasthan,Jaipur,"Rural Engineering Service, Jaipur",2026-04-06,2026-05-25,2087462.13,2158883.7,451643.19,23.4,2027-06-08,,In Progress,4184,0.75,2026-27
MP20250250,"Repair of approach road near Ambedkar Vasti, Jaipur",Roads and Bridges,Vikram Chauhan,Rajya Sabha,Rajasthan,Jaipur,"Jal Nigam, Jaipur",2025-04-20,2025-07-26,2486072.27,2403577.25,2257763.5,89.4,2026-07-05,,In Progress,16053,0.84,2025-26
MP20250251,"Solar street lights at Tilak Road, Jaipur",Electricity and Solar,Anil Deshmukh,Lok Sabha,Rajasthan,Jaipur,"Zilla Parishad, Jaipur",2025-08-08,2025-09-09,3076947.0,3220856.86,3098822.24,100.0,2026-04-26,2026-06-20,Completed,18585,0.76,2025-26
MP20250252,"Construction of overhead water tank at Laxmi Nagar, Jaipur",Drinking Water,Latha Menon,Lok Sabha,Rajasthan,Jaipur,"PWD Division, Jaipur",2025-09-10,2025-10-20,411802.43,408740.91,62182.17,15.1,2026-06-22,,In Progress,20648,0.43,2025-26
MP20250253,"Construction of CC road at Sundar Vihar, Jodhpur",Roads and Bridges,P. Nagarajan,Lok Sabha,Rajasthan,Jodhpur,"PWD Division, Jodhpur",2025-01-22,2025-03-17,5779562.63,5715249.47,5878753.27,100.0,2026-04-10,2026-04-03,Completed,9978,0.88,2024-25
MP20260254,"Solar rooftop for school at Ambedkar Vasti, Jodhpur",Electricity and Solar,P. Nagarajan,Lok Sabha,Rajasthan,Jodhpur,"Jal Nigam, Jodhpur",2026-02-21,2026-05-11,4416445.63,4328846.57,1779490.23,40.0,2027-03-13,,In Progress,16634,0.99,2026-27
MP20250255,"Smart classroom facility at Indira Colony, Jodhpur",Education,Sunita Rao,Lok Sabha,Rajasthan,Jodhpur,"Block Development Office, Jodhpur",2024-09-29,2025-01-04,4058143.94,4095289.4,3816832.36,100.0,2025-11-07,2025-11-21,Completed,6824,0.92,2024-25
MP20260256,"Upgradation of sub-centre at Krishna Nagar, Jodhpur",Health,Farhan Qureshi,Rajya Sabha,Rajasthan,Jodhpur,"Jal Nigam, Jodhpur",2026-03-20,2026-06-02,2526073.16,2560460.01,2185827.26,16.2,2027-02-13,,In Progress,4403,0.85,2026-27
MP20240257,"Volleyball court at Ward 11, Jodhpur",Sports and Youth,Vikram Chauhan,Rajya Sabha,Rajasthan,Jodhpur,"PWD Division, Jodhpur",2024-09-27,2024-10-25,1400365.63,1423237.07,1431669.94,100.0,2025-08-06,2025-10-17,Completed,5215,0.97,2024-25
MP20260258,"Additional classroom block at Govt School, Sundar Vihar, Jodhpur",Education,J. Baruah,Lok Sabha,Rajasthan,Jodhpur,"PWD Division, Jodhpur",2025-10-17,2026-01-01,5032803.49,4838933.99,4635048.38,100.0,2026-05-03,2026-06-15,Completed,10849,0.81,2025-26
MP20250259,"Construction of overhead water tank at Patel Nagar, Jodhpur",Drinking Water,Meera Yadav,Lok Sabha,Rajasthan,Jodhpur,"PWD Division, Jodhpur",2024-11-23,2025-02-26,605444.8,626014.4,548154.51,100.0,2025-07-17,2025-07-05,Completed,21295,0.73,2024-25
MP20260260,"Volleyball court at Nehru Ward, Jodhpur",Sports and Youth,Kavita Sharma,Lok Sabha,Rajasthan,Jodhpur,"Zilla Parishad, Jodhpur",2026-01-05,2026-03-02,863069.5,866970.77,689444.19,17.8,2026-09-24,,In Progress,21409,0.84,2025-26
MP20240261,"Solar rooftop for school at Patel Nagar, Jodhpur",Electricity and Solar,R. Krishnan,Rajya Sabha,Rajasthan,Jodhpur,"Block Development Office, Jodhpur",2024-01-11,2024-04-28,2207450.24,2210400.66,2276894.29,100.0,2024-09-23,2024-10-28,Completed,2256,0.86,2024-25
MP20250262,"Solid waste collection vehicles for Ward 11, Jodhpur",Sanitation,Latha Menon,Lok Sabha,Rajasthan,Jodhpur,"Zilla Parishad, Jodhpur",2025-05-22,2025-07-21,1276406.85,1310555.73,1331362.32,100.0,2026-02-26,2026-02-11,Completed,836,0.92,2025-26
MP20240263,"Additional classroom block at Govt School, Indira Colony, Jodhpur",Education,J. Baruah,Lok Sabha,Rajasthan,Jodhpur,"PWD Division, Jodhpur",2024-08-14,2024-11-18,2736613.46,2691499.39,2587773.02,100.0,2025-11-23,2025-12-13,Completed,16744,0.74,2024-25
MP20250264,"Community hall at Rampur village, Jodhpur",Community Assets,P. Nagarajan,Lok Sabha,Rajasthan,Jodhpur,"Block Development Office, Jodhpur",2025-09-22,2025-12-01,11907626.89,11781685.65,6787347.33,57.0,2026-12-05,,In Progress,2616,0.97,2025-26
MP20260265,"Solar street lights at Laxmi Nagar, Jodhpur",Electricity and Solar,J. Baruah,Lok Sabha,Rajasthan,Jodhpur,"Zilla Parishad, Jodhpur",2025-12-18,2026-01-29,2025757.5,2006131.84,1135075.88,57.1,2027-01-02,,In Progress,6615,0.97,2025-26
MP20240266,"Playground development at Ward 4, Jodhpur",Sports and Youth,Sunita Rao,Lok Sabha,Rajasthan,Jodhpur,"PWD Division, Jodhpur",2024-07-09,2024-08-12,2682261.24,2693113.71,2682762.82,100.0,2024-12-20,2024-12-11,Completed,5969,0.86,2024-25
MP20240267,"Open gym equipment at Patel Nagar, Jodhpur",Sports and Youth,Meera Yadav,Lok Sabha,Rajasthan,Jodhpur,"Block Development Office, Jodhpur",2024-01-18,2024-04-29,1030656.02,1041371.61,1006169.63,100.0,2025-04-26,2025-05-16,Completed,866,0.95,2024-25
MP20250268,"Construction of culvert at Ward 11, Udaipur",Roads and Bridges,Sunita Rao,Lok Sabha,Rajasthan,Udaipur,"Rural Engineering Service, Udaipur",2025-09-10,2025-10-23,8413373.44,8791956.79,6309620.85,82.5,2026-11-21,,In Progress,13722,0.33,2025-26
MP20260269,"Solid waste collection vehicles for Bhagat Singh Colony, Udaipur",Sanitation,Farhan Qureshi,Rajya Sabha,Rajasthan,Udaipur,"Rural Engineering Service, Udaipur",2025-12-29,2026-02-18,2143153.1,2073598.31,1603006.59,79.8,2026-09-20,,In Progress,21681,0.93,2025-26
MP20240270,"Dialysis unit equipment at Gandhi Chowk, Udaipur",Health,Latha Menon,Lok Sabha,Rajasthan,Udaipur,"Zilla Parishad, Udaipur",2024-01-10,2024-04-22,2071819.31,2023537.12,1980874.98,100.0,2024-08-26,2024-11-12,Completed,8704,0.76,2024-25
MP20250271,"Renovation of panchayat bhavan at Tilak Road, Udaipur",Community Assets,R. Krishnan,Rajya Sabha,Rajasthan,Udaipur,"Rural Engineering Service, Udaipur",2024-12-03,2025-01-26,3515003.6,3657001.33,3444906.69,100.0,2025-09-10,2025-11-10,Completed,18933,0.73,2024-25
MP20240272,"Community toilet block at Patel Nagar, Udaipur",Sanitation,Vikram Chauhan,Rajya Sabha,Rajasthan,Udaipur,"Jal Nigam, Udaipur",2024-03-10,2024-06-30,1209243.38,1210205.98,1724514.83,83.4,2025-08-14,,In Progress,701,0.96,2024-25
MP20250273,"Library building at Nehru Ward, Udaipur",Education,J. Baruah,Lok Sabha,Rajasthan,Udaipur,"PWD Division, Udaipur",2025-10-20,2025-12-07,5899117.99,5947308.43,5916633.63,100.0,2026-04-13,2026-04-16,Completed,19604,0.89,2025-26
MP20240274,"Open gym equipment at Bhagat Singh Colony, Udaipur",Sports and Youth,Kavita Sharma,Lok Sabha,Rajasthan,Udaipur,"Zilla Parishad, Udaipur",2024-01-27,2024-03-15,2374934.86,2494951.04,2218564.53,100.0,2024-12-26,2024-10-28,Completed,14069,0.83,2023-24
MP20240275,"Installation of RO water plant at Subhash Nagar, Udaipur",Drinking Water,Kavita Sharma,Lok Sabha,Rajasthan,Udaipur,"Zilla Parishad, Udaipur",2024-02-29,2024-04-02,2897212.22,3008054.87,5127159.83,57.3,2024-08-13,,In Progress,12466,0.86,2024-25
MP20240276,"Ambulance for PHC Bhagat Singh Colony, Udaipur",Health,Meera Yadav,Lok Sabha,Rajasthan,Udaipur,"Block Development Office, Udaipur",2024-08-27,2024-09-27,1430099.87,1456961.47,1317858.39,100.0,2025-03-01,2025-02-17,Completed,5814,0.94,2024-25
MP20250277,"Solid waste collection vehicles for Sundar Vihar, Udaipur",Sanitation,J. Baruah,Lok Sabha,Rajasthan,Udaipur,"Block Development Office, Udaipur",2024-10-24,2025-02-03,2080817.28,2100052.87,2028151.42,100.0,2025-07-13,2025-06-23,Completed,2563,0.87,2024-25
MP20240278,"Ambulance for PHC Bhagat Singh Colony, Udaipur",Health,Kavita Sharma,Lok Sabha,Rajasthan,Udaipur,"Rural Engineering Service, Udaipur",2024-02-18,2024-06-17,6630370.34,6683500.98,2764864.43,41.7,2025-04-21,,In Progress,9029,0.88,2024-25
MP20250279,"Construction of CC road at Indira Colony, Udaipur",Roads and Bridges,Anil Deshmukh,Lok Sabha,Rajasthan,Udaipur,"Zilla Parishad, Udaipur",2024-12-19,2025-03-25,4494007.54,4562293.92,4121734.02,100.0,2025-09-28,2025-08-08,Completed,17004,0.43,2024-25
MP20260280,"Borewell with submersible pump at Subhash Nagar, Mysuru",Drinking Water,Meera Yadav,Lok Sabha,Karnataka,Mysuru,"Rural Engineering Service, Mysuru",2026-04-10,2026-08-08,2753513.47,2698443.2,1268042.35,24.5,2026-12-17,,In Progress,15865,0.98,2026-27
MP20260281,"Community hall at Subhash Nagar, Bengaluru Urban",Community Assets,Meera Yadav,Lok Sabha,Karnataka,Bengaluru Urban,"Block Development Office, Bengaluru Urban",2025-10-15,2026-03-07,572039.87,560599.07,427560.61,14.8,2026-08-12,,In Progress,18464,0.87,2025-26
MP20240282,"Smart classroom facility at Rampur village, Mysuru",Education,Meera Yadav,Lok Sabha,Karnataka,Mysuru,"PWD Division, Mysuru",2024-05-12,2024-09-16,2634969.92,2582270.52,1791212.78,48.4,2025-02-04,,In Progress,6952,0.92,2024-25
MP20240283,"Installation of RO water plant at Bhagat Singh Colony, Aurangabad",Drinking Water,Vikram Chauhan,Rajya Sabha,Maharashtra,Aurangabad,"Municipal Corporation, Aurangabad",2024-09-24,2025-01-20,702057.4,688016.25,221984.48,49.6,2025-04-30,,In Progress,8451,0.82,2024-25
MP20260284,"High mast light installation at Gandhi Chowk, Nashik",Electricity and Solar,P. Nagarajan,Lok Sabha,Maharashtra,Nashik,"PWD Division, Nashik",2026-01-11,2026-03-31,2063661.87,2022388.63,840182.03,31.9,2026-11-12,,In Progress,6405,0.85,2025-26
MP20250285,"Solar rooftop for school at Tilak Road, Lucknow",Electricity and Solar,R. Krishnan,Rajya Sabha,Uttar Pradesh,Lucknow,"Rural Engineering Service, Lucknow",2025-07-03,2025-11-23,2853412.45,2796344.2,1275258.53,49.4,2026-06-30,,In Progress,16884,0.86,2025-26
MP20250286,"Dialysis unit equipment at Gandhi Chowk, Nashik",Health,Anil Deshmukh,Lok Sabha,Maharashtra,Nashik,"Block Development Office, Nashik",2024-11-26,2025-03-30,5427712.89,5319158.63,4051406.77,21.1,2026-01-13,,In Progress,21122,0.95,2024-25
MP20260287,"Repair of approach road near Bhagat Singh Colony, Thane",Roads and Bridges,Kavita Sharma,Lok Sabha,Maharashtra,Thane,"Zilla Parishad, Thane",2025-11-08,2026-04-23,6367410.59,6240062.38,4212816.27,18.3,2026-10-27,,In Progress,8691,0.48,2025-26
MP20250288,"Construction of overhead water tank at Laxmi Nagar, Jaipur",Drinking Water,Latha Menon,Lok Sabha,Rajasthan,Jaipur,"PWD Division, Jaipur",2025-09-10,2026-01-08,406061.01,397939.79,270773.41,53.8,2026-06-22,,In Progress,20648,0.43,2025-26
